price,hdb_type,area,build_year,price_per_sqft,size_sqft,street,n_bedrooms,n_bathrooms,district,region,scraped_date,flat_age,lease_remaining,price_per_bedroom,size_per_room,bed_bath_ratio,scraped_month,scraped_year,is_central,is_mature_town,age_size_interaction,lease_price_interaction,block
620000.0,HDB 3-Room,Central Area,1978.0,961.0,645.0,Upper Cross Street,2,1,"Raffles Place, Cecil, Marina, People's Park",Central,2025-04-19 13:25:28,47.0,52.0,310000.0,322.5,2.0,4,2025,1,1,30315.0,49972.0,538
560000.0,HDB 3-Room,Central Area,1983.0,868.0,645.0,Smith Street,2,2,"Raffles Place, Cecil, Marina, People's Park",Central,2025-04-19 13:25:28,42.0,57.0,280000.0,322.5,1.0,4,2025,1,1,27090.0,49476.0,335A
620000.0,HDB 3-Room,Central Area,1978.0,960.0,646.0,Upper Cross Street,2,1,"Raffles Place, Cecil, Marina, People's Park",Central,2025-04-19 13:25:28,47.0,52.0,310000.0,323.0,2.0,4,2025,1,1,30362.0,49920.0,538
620000.0,HDB 3-Room,Central Area,1979.0,895.0,693.0,Upper Cross Street,2,2,"Raffles Place, Cecil, Marina, People's Park",Central,2025-04-19 13:25:28,46.0,53.0,310000.0,346.5,1.0,4,2025,1,1,31878.0,47435.0,533
538000.0,HDB 3-Room,Central Area,1983.0,834.0,645.0,Smith Street,2,2,"Raffles Place, Cecil, Marina, People's Park",Central,2025-04-19 13:25:28,42.0,57.0,269000.0,322.5,1.0,4,2025,1,1,27090.0,47538.0,335A
450000.0,HDB 2-Room,Central Area,1968.0,804.0,560.0,New Market Road,2,1,"Raffles Place, Cecil, Marina, People's Park",Central,2025-04-19 13:25:28,57.0,42.0,225000.0,280.0,2.0,4,2025,1,1,31920.0,33768.0,32
990000.0,HDB 5-Room,Bukit Merah,1965.0,667.0,1485.0,Everton Park,4,2,"Anson, Tanjong Pagar",Central,2025-04-19 13:25:28,60.0,39.0,247500.0,371.25,2.0,4,2025,1,1,89100.0,26013.0,6
1280000.0,HDB 4-Room,2,2009.0,1265.0,1012.0,1A Cantonment Road,3,2,"Anson, Tanjong Pagar",Central,2025-04-19 13:25:28,16.0,83.0,426666.6666666667,337.3333333333333,1.5,4,2025,1,0,16192.0,104995.0,
1465000.0,HDB 5-Room,2,2009.0,1284.0,1141.0,1 Cantonment Road,3,2,"Anson, Tanjong Pagar",Central,2025-04-19 13:25:28,16.0,83.0,488333.3333333333,380.3333333333333,1.5,4,2025,1,0,18256.0,106572.0,
1430000.0,HDB 4PA (Premium Apartment),2,2009.0,1370.0,1044.0,1A Cantonment Road,3,2,"Anson, Tanjong Pagar",Central,2025-04-19 13:25:28,16.0,83.0,476666.6666666667,348.0,1.5,4,2025,1,0,16704.0,113710.0,
1120000.0,HDB 4-Room,Bukit Merah,2000.0,1156.0,969.0,Cantonment Close,3,2,"Anson, Tanjong Pagar",Central,2025-04-19 13:25:28,25.0,74.0,373333.3333333333,323.0,1.5,4,2025,1,1,24225.0,85544.0,13
550000.0,HDB 3-Room,Central Area,1976.0,866.0,635.0,Tanjong Pagar Plaza,2,1,"Anson, Tanjong Pagar",Central,2025-04-19 13:25:28,49.0,50.0,275000.0,317.5,2.0,4,2025,1,1,31115.0,43300.0,2
1450000.0,HDB 4-Room,2,2009.0,1449.0,1001.0,1A Cantonment Road,3,2,"Anson, Tanjong Pagar",Central,2025-04-19 13:25:28,16.0,83.0,483333.3333333333,333.6666666666667,1.5,4,2025,1,0,16016.0,120267.0,
1420000.0,HDB 4-Room,2,2009.0,1419.0,1001.0,1A Cantonment Road,3,2,"Anson, Tanjong Pagar",Central,2025-04-19 13:25:28,16.0,83.0,473333.3333333333,333.6666666666667,1.5,4,2025,1,0,16016.0,117777.0,
988000.0,HDB 5-Room,Bukit Merah,1965.0,98800.0,10.0,Everton Park,3,2,"Anson, Tanjong Pagar",Central,2025-04-19 13:25:28,60.0,39.0,329333.3333333333,3.3333333333333335,1.5,4,2025,1,1,600.0,3853200.0,4
1068888.0,HDB 4-Room,Bukit Merah,2000.0,1103.0,969.0,Cantonment Close,3,2,"Anson, Tanjong Pagar",Central,2025-04-19 13:25:28,25.0,74.0,356296.0,323.0,1.5,4,2025,1,1,24225.0,81622.0,18
635000.0,HDB 3-Room,Central Area,1976.0,843.0,753.0,Tanjong Pagar Plaza,2,2,"Anson, Tanjong Pagar",Central,2025-04-19 13:25:28,49.0,50.0,317500.0,376.5,1.0,4,2025,1,1,36897.0,42150.0,2
1130000.0,HDB 4-Room,Bukit Merah,2000.0,1167.0,968.0,Cantonment Close,3,2,"Anson, Tanjong Pagar",Central,2025-04-19 13:25:28,25.0,74.0,376666.6666666667,322.6666666666667,1.5,4,2025,1,1,24200.0,86358.0,11
1450000.0,HDB 4-Room,2,2009.0,1433.0,1012.0,1A Cantonment Road,3,2,"Anson, Tanjong Pagar",Central,2025-04-19 13:25:28,16.0,83.0,483333.3333333333,337.3333333333333,1.5,4,2025,1,0,16192.0,118939.0,
1450000.0,HDB 4-Room,Central Area,2009.0,1404.0,1033.0,Cantonment Road,3,2,"Anson, Tanjong Pagar",Central,2025-04-19 13:25:28,16.0,83.0,483333.3333333333,344.3333333333333,1.5,4,2025,1,1,16528.0,116532.0,1A
1450000.0,HDB 4-Room,2,2009.0,1404.0,1033.0,1A Cantonment Road,3,2,"Anson, Tanjong Pagar",Central,2025-04-19 13:25:28,16.0,83.0,483333.3333333333,344.3333333333333,1.5,4,2025,1,0,16528.0,116532.0,
880000.0,HDB 4-Room,Central Area,1979.0,985.0,893.0,Tanjong Pagar Plaza,3,2,"Anson, Tanjong Pagar",Central,2025-04-19 13:25:28,46.0,53.0,293333.3333333333,297.6666666666667,1.5,4,2025,1,1,41078.0,52205.0,7
1080000.0,HDB 4-Room,Bukit Merah,2000.0,1115.0,969.0,Cantonment Close,3,2,"Anson, Tanjong Pagar",Central,2025-04-19 13:25:28,25.0,74.0,360000.0,323.0,1.5,4,2025,1,1,24225.0,82510.0,17
565000.0,HDB 3-Room,Central Area,1976.0,890.0,635.0,Tanjong Pagar Plaza,2,2,"Anson, Tanjong Pagar",Central,2025-04-19 13:25:28,49.0,50.0,282500.0,317.5,1.0,4,2025,1,1,31115.0,44500.0,3
900000.0,HDB 5-Room,Bukit Merah,1977.0,680.0,1323.0,Spottiswoode Park Road,3,2,"Anson, Tanjong Pagar",Central,2025-04-19 13:25:28,48.0,51.0,300000.0,441.0,1.5,4,2025,1,1,63504.0,34680.0,110
800000.0,HDB 3-Room,Queenstown,2010.0,1077.0,743.0,Strathmore Avenue,2,2,"Queenstown, Tiong Bahru",Central,2025-04-19 13:25:28,15.0,84.0,400000.0,371.5,1.0,4,2025,1,1,11145.0,90468.0,61C
1100000.0,HDB 5-Room,Bukit Merah,1982.0,866.0,1270.0,Havelock Road,3,2,"Queenstown, Tiong Bahru",Central,2025-04-19 13:25:28,43.0,56.0,366666.6666666667,423.3333333333333,1.5,4,2025,1,1,54610.0,48496.0,95
1158000.0,HDB 5-Room,Bukit Merah,1974.0,944.0,1227.0,Zion Road,3,2,"Queenstown, Tiong Bahru",Central,2025-04-19 13:25:28,51.0,48.0,386000.0,409.0,1.5,4,2025,1,1,62577.0,45312.0,87
1088000.0,HDB 4-Room,Queenstown,2005.0,1124.0,968.0,Strathmore Avenue,3,2,"Queenstown, Tiong Bahru",Central,2025-04-19 13:25:28,20.0,79.0,362666.6666666667,322.6666666666667,1.5,4,2025,1,1,19360.0,88796.0,48
720000.0,HDB 4-Room,Bukit Merah,1983.0,650.0,1108.0,Lengkok Bahru,3,2,"Queenstown, Tiong Bahru",Central,2025-04-19 13:25:28,42.0,57.0,240000.0,369.3333333333333,1.5,4,2025,1,1,46536.0,37050.0,46
1080000.0,HDB 4PA (Premium Apartment),Queenstown,2015.0,1209.0,893.0,Dawson Road,3,2,"Queenstown, Tiong Bahru",Central,2025-04-19 13:25:28,10.0,89.0,360000.0,297.6666666666667,1.5,4,2025,1,1,8930.0,107601.0,88
1180000.0,HDB 4PA (Premium Apartment),Queenstown,2015.0,1321.0,893.0,Dawson Road,3,2,"Queenstown, Tiong Bahru",Central,2025-04-19 13:25:28,10.0,89.0,393333.3333333333,297.6666666666667,1.5,4,2025,1,1,8930.0,117569.0,88
1230000.0,HDB 5-Room,Bukit Merah,2005.0,994.0,1238.0,Redhill Road,3,2,"Queenstown, Tiong Bahru",Central,2025-04-19 13:25:28,20.0,79.0,410000.0,412.6666666666667,1.5,4,2025,1,1,24760.0,78526.0,75B
776000.0,HDB 3-Room,Bukit Merah,1949.0,819.0,947.0,Kim Cheng Street,2,1,"Queenstown, Tiong Bahru",Central,2025-04-19 13:25:28,76.0,23.0,388000.0,473.5,2.0,4,2025,1,1,71972.0,18837.0,45
1200000.0,HDB Exec Apartment,Queenstown,1994.0,743.0,1614.0,Mei Ling Street,4,2,"Queenstown, Tiong Bahru",Central,2025-04-19 13:25:28,31.0,68.0,300000.0,403.5,2.0,4,2025,1,1,50034.0,50524.0,148
1450000.0,HDB 5-Room,Bukit Merah,2018.0,1192.0,1216.0,Henderson Road,3,2,"Queenstown, Tiong Bahru",Central,2025-04-19 13:25:28,7.0,92.0,483333.3333333333,405.3333333333333,1.5,4,2025,1,1,8512.0,109664.0,96A
1058000.0,HDB 4-Room,Queenstown,2015.0,1185.0,893.0,Dawson Road,3,2,"Queenstown, Tiong Bahru",Central,2025-04-19 13:25:28,10.0,89.0,352666.6666666667,297.6666666666667,1.5,4,2025,1,1,8930.0,105465.0,86
390000.0,HDB 3-Room,Queenstown,1964.0,533.0,732.0,Commonwealth Drive,2,1,"Queenstown, Tiong Bahru",Central,2025-04-19 13:25:28,61.0,38.0,195000.0,366.0,2.0,4,2025,1,1,44652.0,20254.0,95
420000.0,HDB 3-Room,Bukit Merah,1978.0,583.0,720.0,Jalan Bukit Merah,2,2,"Queenstown, Tiong Bahru",Central,2025-04-19 13:25:28,47.0,52.0,210000.0,360.0,1.0,4,2025,1,1,33840.0,30316.0,141
1468000.0,HDB 4-Room,Queenstown,2021.0,1587.0,925.0,Margaret Drive,3,2,"Queenstown, Tiong Bahru",Central,2025-04-19 13:25:28,4.0,95.0,489333.3333333333,308.3333333333333,1.5,4,2025,1,1,3700.0,150765.0,36
1725000.0,HDB 5-Room,Queenstown,2021.0,1483.0,1163.0,Margaret Drive,3,2,"Queenstown, Tiong Bahru",Central,2025-04-19 13:25:28,4.0,95.0,575000.0,387.6666666666667,1.5,4,2025,1,1,4652.0,140885.0,40A
668000.0,HDB 4-Room,Bukit Merah,1986.0,739.0,904.0,Lengkok Bahru,3,2,"Queenstown, Tiong Bahru",Central,2025-04-19 13:25:28,39.0,60.0,222666.66666666666,301.3333333333333,1.5,4,2025,1,1,35256.0,44340.0,43
1100000.0,HDB 4-Room,Bukit Merah,2011.0,1087.0,1012.0,Havelock Road,3,2,"Queenstown, Tiong Bahru",Central,2025-04-19 13:25:28,14.0,85.0,366666.6666666667,337.3333333333333,1.5,4,2025,1,1,14168.0,92395.0,53
970000.0,HDB 5-Room,Bukit Merah,2004.0,784.0,1238.0,Depot Road,3,2,"Telok Blangah, Harbourfront",Central,2025-04-19 13:25:28,21.0,78.0,323333.3333333333,412.6666666666667,1.5,4,2025,1,1,25998.0,61152.0,111A
580000.0,HDB 3-Room,Bukit Merah,1984.0,730.0,794.0,Bukit Purmei Road,2,2,"Telok Blangah, Harbourfront",Central,2025-04-19 13:25:28,41.0,58.0,290000.0,397.0,1.0,4,2025,1,1,32554.0,42340.0,110
958888.0,HDB 4-Room,Bukit Merah,2016.0,969.0,990.0,Depot Road,3,2,"Telok Blangah, Harbourfront",Central,2025-04-19 13:25:28,9.0,90.0,319629.3333333333,330.0,1.5,4,2025,1,1,8910.0,87210.0,110A
880000.0,HDB 5-Room,Bukit Merah,1977.0,699.0,1259.0,Telok Blangah Heights,3,2,"Telok Blangah, Harbourfront",Central,2025-04-19 13:25:28,48.0,51.0,293333.3333333333,419.6666666666667,1.5,4,2025,1,1,60432.0,35649.0,74
790000.0,HDB 5-Room,Bukit Merah,1977.0,612.0,1291.0,Telok Blangah Drive,3,2,"Telok Blangah, Harbourfront",Central,2025-04-19 13:25:28,48.0,51.0,263333.3333333333,430.3333333333333,1.5,4,2025,1,1,61968.0,31212.0,53
768000.0,HDB 4-Room,Bukit Merah,1984.0,693.0,1108.0,Bukit Purmei Road,3,2,"Telok Blangah, Harbourfront",Central,2025-04-19 13:25:28,41.0,58.0,256000.0,369.3333333333333,1.5,4,2025,1,1,45428.0,40194.0,113
798000.0,HDB 3PA (Premium Apartment),Bukit Merah,2011.0,1092.0,731.0,Telok Blangah Street 31,2,2,"Telok Blangah, Harbourfront",Central,2025-04-19 13:25:28,14.0,85.0,399000.0,365.5,1.0,4,2025,1,1,10234.0,92820.0,80C
850000.0,HDB 4-Room,Bukit Merah,1999.0,877.0,969.0,Depot Road,3,2,"Telok Blangah, Harbourfront",Central,2025-04-19 13:25:28,26.0,73.0,283333.3333333333,323.0,1.5,4,2025,1,1,25194.0,64021.0,103A
988000.0,HDB 4-Room,Bukit Merah,2016.0,987.0,1001.0,Telok Blangah Heights,3,2,"Telok Blangah, Harbourfront",Central,2025-04-19 13:25:28,9.0,90.0,329333.3333333333,333.6666666666667,1.5,4,2025,1,1,9009.0,88830.0,70C
508000.0,HDB 4-Room,Bukit Merah,1975.0,575.0,883.0,Telok Blangah Way,3,2,"Telok Blangah, Harbourfront",Central,2025-04-19 13:25:28,50.0,49.0,169333.33333333334,294.3333333333333,1.5,4,2025,1,1,44150.0,28175.0,34
840000.0,HDB 4-Room,Bukit Merah,2000.0,773.0,1086.0,Telok Blangah Crescent,3,2,"Telok Blangah, Harbourfront",Central,2025-04-19 13:25:28,25.0,74.0,280000.0,362.0,1.5,4,2025,1,1,27150.0,57202.0,17
1058888.0,HDB 4-Room,Bukit Merah,2017.0,1058.0,1001.0,Telok Blangah Street 31,3,2,"Telok Blangah, Harbourfront",Central,2025-04-19 13:25:28,8.0,91.0,352962.6666666667,333.6666666666667,1.5,4,2025,1,1,8008.0,96278.0,90B
860000.0,HDB 5-Room,Bukit Merah,1977.0,677.0,1270.0,Telok Blangah Drive,3,2,"Telok Blangah, Harbourfront",Central,2025-04-19 13:25:28,48.0,51.0,286666.6666666667,423.3333333333333,1.5,4,2025,1,1,60960.0,34527.0,53
800000.0,HDB 3-Room,Bukit Merah,2017.0,1093.0,732.0,Telok Blangah Street 31,2,2,"Telok Blangah, Harbourfront",Central,2025-04-19 13:25:28,8.0,91.0,400000.0,366.0,1.0,4,2025,1,1,5856.0,99463.0,92A
418000.0,HDB 3-Room,Bukit Merah,1975.0,555.0,753.0,Telok Blangah Rise,2,2,"Telok Blangah, Harbourfront",Central,2025-04-19 13:25:28,50.0,49.0,209000.0,376.5,1.0,4,2025,1,1,37650.0,27195.0,42
768000.0,HDB 4-Room,Bukit Merah,1984.0,693.0,1109.0,Bukit Purmei Road,3,2,"Telok Blangah, Harbourfront",Central,2025-04-19 13:25:28,41.0,58.0,256000.0,369.6666666666667,1.5,4,2025,1,1,45469.0,40194.0,113
528000.0,HDB 3-Room,Bukit Merah,1983.0,673.0,785.0,Bukit Purmei Road,2,2,"Telok Blangah, Harbourfront",Central,2025-04-19 13:25:28,42.0,57.0,264000.0,392.5,1.0,4,2025,1,1,32970.0,38361.0,102
430000.0,HDB 3-Room,Bukit Merah,1975.0,677.0,635.0,Telok Blangah Rise,2,2,"Telok Blangah, Harbourfront",Central,2025-04-19 13:25:28,50.0,49.0,215000.0,317.5,1.0,4,2025,1,1,31750.0,33173.0,42
440000.0,HDB 3-Room,Bukit Merah,1976.0,610.0,721.0,Telok Blangah Heights,2,2,"Telok Blangah, Harbourfront",Central,2025-04-19 13:25:28,49.0,50.0,220000.0,360.5,1.0,4,2025,1,1,35329.0,30500.0,60
670000.0,HDB 4-Room,Bukit Merah,1976.0,684.0,979.0,Telok Blangah Heights,3,2,"Telok Blangah, Harbourfront",Central,2025-04-19 13:25:28,49.0,50.0,223333.33333333334,326.3333333333333,1.5,4,2025,1,1,47971.0,34200.0,59
588000.0,HDB 4-Room,Clementi,1982.0,525.0,1119.0,Clementi West Street 1,3,2,"Pasir Panjang, Hong Leong Garden, Clementi New Town",West,2025-04-19 13:25:28,43.0,56.0,196000.0,373.0,1.5,4,2025,0,1,48117.0,29400.0,610
620000.0,HDB 4-Room,Clementi,1980.0,633.0,979.0,Clementi Avenue 5,3,2,"Pasir Panjang, Hong Leong Garden, Clementi New Town",West,2025-04-19 13:25:28,45.0,54.0,206666.66666666666,326.3333333333333,1.5,4,2025,0,1,44055.0,34182.0,377
440000.0,HDB 3-Room,Clementi,1983.0,552.0,797.0,Clementi West Street 1,2,2,"Pasir Panjang, Hong Leong Garden, Clementi New Town",West,2025-04-19 13:25:28,42.0,57.0,220000.0,398.5,1.0,4,2025,0,1,33474.0,31464.0,611
380000.0,HDB 3-Room,Clementi,1977.0,527.0,721.0,West Coast Drive,2,2,"Pasir Panjang, Hong Leong Garden, Clementi New Town",West,2025-04-19 13:25:28,48.0,51.0,190000.0,360.5,1.0,4,2025,0,1,34608.0,26877.0,510
1350000.0,HDB 5-Room,Clementi,2012.0,1063.0,1270.0,Clementi Avenue 1,3,2,"Pasir Panjang, Hong Leong Garden, Clementi New Town",West,2025-04-19 13:25:28,13.0,86.0,450000.0,423.3333333333333,1.5,4,2025,0,1,16510.0,91418.0,416
750000.0,HDB 4-Room,Clementi,1977.0,758.0,990.0,Clementi Avenue 2,3,2,"Pasir Panjang, Hong Leong Garden, Clementi New Town",West,2025-04-19 13:25:28,48.0,51.0,250000.0,330.0,1.5,4,2025,0,1,47520.0,38658.0,333
446000.0,HDB 3-Room,Queenstown,1975.0,637.0,700.0,Dover Crescent,2,1,"Pasir Panjang, Hong Leong Garden, Clementi New Town",West,2025-04-19 13:25:28,50.0,49.0,223000.0,350.0,2.0,4,2025,0,1,35000.0,31213.0,20
1099000.0,HDB 5-Room,Clementi,2012.0,844.0,1302.0,Clementi Avenue 1,4,2,"Pasir Panjang, Hong Leong Garden, Clementi New Town",West,2025-04-19 13:25:28,13.0,86.0,274750.0,325.5,2.0,4,2025,0,1,16926.0,72584.0,416
538888.0,HDB 4-Room,Clementi,1981.0,550.0,980.0,Clementi West Street 2,3,2,"Pasir Panjang, Hong Leong Garden, Clementi New Town",West,2025-04-19 13:25:28,44.0,55.0,179629.33333333334,326.6666666666667,1.5,4,2025,0,1,43120.0,30250.0,715
928000.0,HDB 4-Room,Clementi,2015.0,1078.0,861.0,Clementi Avenue 4,3,2,"Pasir Panjang, Hong Leong Garden, Clementi New Town",West,2025-04-19 13:25:28,10.0,89.0,309333.3333333333,287.0,1.5,4,2025,0,1,8610.0,95942.0,311A
860000.0,HDB 5-Room,Clementi,1978.0,671.0,1281.0,Clementi Avenue 2,3,2,"Pasir Panjang, Hong Leong Garden, Clementi New Town",West,2025-04-19 13:25:28,47.0,52.0,286666.6666666667,427.0,1.5,4,2025,0,1,60207.0,34892.0,337
1090000.0,HDB Exec Maisonette,Clementi,1984.0,693.0,1572.0,Clementi Street 13,3,3,"Pasir Panjang, Hong Leong Garden, Clementi New Town",West,2025-04-19 13:25:28,41.0,58.0,363333.3333333333,524.0,1.0,4,2025,0,1,64452.0,40194.0,115
490000.0,HDB 3-Room,Clementi,1980.0,556.0,882.0,Clementi West Street 2,2,2,"Pasir Panjang, Hong Leong Garden, Clementi New Town",West,2025-04-19 13:25:28,45.0,54.0,245000.0,441.0,1.0,4,2025,0,1,39690.0,30024.0,714
445000.0,HDB 3-Room,Queenstown,1975.0,636.0,700.0,Dover Crescent,2,1,"Pasir Panjang, Hong Leong Garden, Clementi New Town",West,2025-04-19 13:25:28,50.0,49.0,222500.0,350.0,2.0,4,2025,0,1,35000.0,31164.0,20
688000.0,HDB 3-Room,Clementi,2015.0,1067.0,645.0,Clementi Avenue 4,2,2,"Pasir Panjang, Hong Leong Garden, Clementi New Town",West,2025-04-19 13:25:28,10.0,89.0,344000.0,322.5,1.0,4,2025,0,1,6450.0,94963.0,311C
1380000.0,HDB 5-Room,Clementi,2015.0,1221.0,1130.0,Clementi Avenue 4,3,2,"Pasir Panjang, Hong Leong Garden, Clementi New Town",West,2025-04-19 13:25:28,10.0,89.0,460000.0,376.6666666666667,1.5,4,2025,0,1,11300.0,108669.0,311A
458000.0,HDB 3-Room,Central Area,1963.0,761.0,602.0,Selegie Road,2,1,"Middle Road, Golden Mile",Central,2025-04-19 13:25:28,62.0,37.0,229000.0,301.0,2.0,4,2025,1,1,37324.0,28157.0,9
530000.0,HDB 3-Room,Kallang/Whampoa,1978.0,820.0,646.0,North Bridge Road,2,1,"Middle Road, Golden Mile",Central,2025-04-19 13:25:28,47.0,52.0,265000.0,323.0,2.0,4,2025,1,1,30362.0,42640.0,468
530000.0,HDB 3-Room,Kallang/Whampoa,1978.0,822.0,645.0,North Bridge Road,2,1,"Middle Road, Golden Mile",Central,2025-04-19 13:25:28,47.0,52.0,265000.0,322.5,2.0,4,2025,1,1,30315.0,42744.0,468
980000.0,HDB 5-Room,Kallang/Whampoa,1981.0,746.0,1313.0,Crawford Lane,3,2,"Middle Road, Golden Mile",Central,2025-04-19 13:25:28,44.0,55.0,326666.6666666667,437.6666666666667,1.5,4,2025,1,1,57772.0,41030.0,461
540000.0,HDB 3-Room,Kallang/Whampoa,1970.0,678.0,796.0,Beach Road,2,1,"Middle Road, Golden Mile",Central,2025-04-19 13:25:28,55.0,44.0,270000.0,398.0,2.0,4,2025,1,1,43780.0,29832.0,1
600000.0,HDB 4-Room,Kallang/Whampoa,1974.0,724.0,829.0,Beach Road,3,2,"Middle Road, Golden Mile",Central,2025-04-19 13:25:28,51.0,48.0,200000.0,276.3333333333333,1.5,4,2025,1,1,42279.0,34752.0,15
730000.0,HDB 4-Room,Kallang/Whampoa,1974.0,881.0,829.0,Beach Road,3,2,"Middle Road, Golden Mile",Central,2025-04-19 13:25:28,51.0,48.0,243333.33333333334,276.3333333333333,1.5,4,2025,1,1,42279.0,42288.0,15
480000.0,HDB 3-Room,Kallang/Whampoa,1978.0,743.0,646.0,North Bridge Road,2,2,"Middle Road, Golden Mile",Central,2025-04-19 13:25:28,47.0,52.0,240000.0,323.0,1.0,4,2025,1,1,30362.0,38636.0,468
730000.0,HDB 4-Room,Kallang/Whampoa,1974.0,882.0,828.0,Beach Road,3,2,"Middle Road, Golden Mile",Central,2025-04-19 13:25:28,51.0,48.0,243333.33333333334,276.0,1.5,4,2025,1,1,42228.0,42336.0,15
750000.0,HDB 3-Room,Central Area,1978.0,1025.0,732.0,Waterloo Street,2,2,"Middle Road, Golden Mile",Central,2025-04-19 13:25:28,47.0,52.0,375000.0,366.0,1.0,4,2025,1,1,34404.0,53300.0,264
1188000.0,HDB 4-Room,Central Area,1978.0,1347.0,882.0,Waterloo Street,3,2,"Middle Road, Golden Mile",Central,2025-04-19 13:25:28,47.0,52.0,396000.0,294.0,1.5,4,2025,1,1,41454.0,70044.0,262
460000.0,HDB 3-Room,Kallang/Whampoa,1970.0,630.0,730.0,Beach Road,2,2,"Middle Road, Golden Mile",Central,2025-04-19 13:25:28,55.0,44.0,230000.0,365.0,1.0,4,2025,1,1,40150.0,27720.0,3
858000.0,HDB 5-Room,Kallang/Whampoa,1974.0,699.0,1227.0,North Bridge Road,3,2,"Middle Road, Golden Mile",Central,2025-04-19 13:25:28,51.0,48.0,286000.0,409.0,1.5,4,2025,1,1,62577.0,33552.0,12
638888.0,HDB 3-Room,Central Area,1978.0,873.0,732.0,Waterloo Street,2,1,"Middle Road, Golden Mile",Central,2025-04-19 13:25:28,47.0,52.0,319444.0,366.0,2.0,4,2025,1,1,34404.0,45396.0,264
700000.0,HDB 4-Room,Kallang/Whampoa,1974.0,99.0,845.0,828 sqft,3,2,"Middle Road, Golden Mile",Central,2025-04-19 13:25:28,51.0,48.0,233333.33333333334,281.6666666666667,1.5,4,2025,1,1,43095.0,4752.0,15
615000.0,HDB 3-Room,Kallang/Whampoa,1978.0,697.0,882.0,Dorset Road,2,2,Little India,Central,2025-04-19 13:25:28,47.0,52.0,307500.0,441.0,1.0,4,2025,1,1,41454.0,36244.0,50
620000.0,HDB 4-Room,Central Area,1981.0,702.0,883.0,Buffalo Road,3,2,Little India,Central,2025-04-19 13:25:28,44.0,55.0,206666.66666666666,294.3333333333333,1.5,4,2025,1,1,38852.0,38610.0,663
998000.0,HDB 5-Room,Kallang/Whampoa,2002.0,851.0,1173.0,Farrer Park Road,3,2,Little India,Central,2025-04-19 13:25:28,23.0,76.0,332666.6666666667,391.0,1.5,4,2025,1,1,26979.0,64676.0,13
999000.0,HDB 4-Room,Kallang/Whampoa,2001.0,1019.0,980.0,Jellicoe Road,3,2,Little India,Central,2025-04-19 13:25:28,24.0,75.0,333000.0,326.6666666666667,1.5,4,2025,1,1,23520.0,76425.0,813
700000.0,HDB 3-Room,Kallang/Whampoa,2002.0,1049.0,667.0,Farrer Park Road,2,2,Little India,Central,2025-04-19 13:25:28,23.0,76.0,350000.0,333.5,1.0,4,2025,1,1,15341.0,79724.0,15
800000.0,HDB 4-Room,Kallang/Whampoa,1985.0,721.0,1109.0,Tessensohn Road,3,2,Little India,Central,2025-04-19 13:25:28,40.0,59.0,266666.6666666667,369.6666666666667,1.5,4,2025,1,1,44360.0,42539.0,683
996677.0,HDB 5-Room,Kallang/Whampoa,1975.0,792.0,1259.0,Dorset Road,3,2,Little India,Central,2025-04-19 13:25:28,50.0,49.0,332225.6666666667,419.6666666666667,1.5,4,2025,1,1,62950.0,38808.0,48A
1030000.0,HDB 4-Room,Kallang/Whampoa,2002.0,1064.0,968.0,Farrer Park Road,3,2,Little India,Central,2025-04-19 13:25:28,23.0,76.0,343333.3333333333,322.6666666666667,1.5,4,2025,1,1,22264.0,80864.0,13
999000.0,HDB 4-Room,Kallang/Whampoa,2001.0,1031.0,969.0,Jellicoe Road,3,2,Little India,Central,2025-04-19 13:25:28,24.0,75.0,333000.0,323.0,1.5,4,2025,1,1,23256.0,77325.0,813
988000.0,HDB 4-Room,Kallang/Whampoa,2001.0,1080.0,915.0,Jellicoe Road,3,2,Little India,Central,2025-04-19 13:25:28,24.0,75.0,329333.3333333333,305.0,1.5,4,2025,1,1,21960.0,81000.0,816
1100000.0,HDB 5-Room,Kallang/Whampoa,1980.0,889.0,1238.0,King George's Avenue,3,2,Little India,Central,2025-04-19 13:25:28,45.0,54.0,366666.6666666667,412.6666666666667,1.5,4,2025,1,1,55710.0,48006.0,807
1155000.0,HDB 5-Room,Central Area,1982.0,783.0,1475.0,Rowell Road,5,2,Little India,Central,2025-04-19 13:25:28,43.0,56.0,231000.0,295.0,2.5,4,2025,1,1,63425.0,43848.0,642
350000.0,HDB 2-Room,Kallang/Whampoa,1980.0,740.0,473.0,King George's Avenue,1,1,Little India,Central,2025-04-19 13:25:28,45.0,54.0,350000.0,473.0,1.0,4,2025,1,1,21285.0,39960.0,805
920000.0,HDB 5-Room,Kallang/Whampoa,1997.0,713.0,1291.0,Cambridge Road,3,2,Little India,Central,2025-04-19 13:25:28,28.0,71.0,306666.6666666667,430.3333333333333,1.5,4,2025,1,1,36148.0,50623.0,38
648000.0,HDB 3-Room,Central Area,1984.0,669.0,968.0,Veerasamy Road,2,2,Little India,Central,2025-04-19 13:25:28,41.0,58.0,324000.0,484.0,1.0,4,2025,1,1,39688.0,38802.0,636
499000.0,HDB 3-Room,Kallang/Whampoa,1978.0,682.0,732.0,Dorset Road,2,2,Little India,Central,2025-04-19 13:25:28,47.0,52.0,249500.0,366.0,1.0,4,2025,1,1,34404.0,35464.0,49
775000.0,HDB 4-Room,Kallang/Whampoa,1985.0,699.0,1109.0,Race Course Road,3,2,Little India,Central,2025-04-19 13:25:28,40.0,59.0,258333.33333333334,369.6666666666667,1.5,4,2025,1,1,44360.0,41241.0,684
730000.0,HDB 4-Room,Central Area,2000.0,798.0,915.0,Klang Lane,3,2,Little India,Central,2025-04-19 13:25:28,25.0,74.0,243333.33333333334,305.0,1.5,4,2025,1,1,22875.0,59052.0,672B
1280000.0,HDB 5-Room,Queenstown,1995.0,951.0,1346.0,Holland Close,4,2,"Ardmore, Bukit Timah, Holland Road, Tanglin",Central,2025-04-19 13:25:28,30.0,69.0,320000.0,336.5,2.0,4,2025,1,1,40380.0,65619.0,30
450000.0,HDB 3-Room,Bukit Timah,1975.0,643.0,700.0,Empress Road,3,2,"Ardmore, Bukit Timah, Holland Road, Tanglin",Central,2025-04-19 13:25:28,50.0,49.0,150000.0,233.33333333333334,1.5,4,2025,1,1,35000.0,31507.0,8
459000.0,HDB 3-Room,Queenstown,1976.0,656.0,700.0,Ghim Moh Road,2,1,"Ardmore, Bukit Timah, Holland Road, Tanglin",Central,2025-04-19 13:25:28,49.0,50.0,229500.0,350.0,2.0,4,2025,1,1,34300.0,32800.0,19
990000.0,HDB 5-Room,Queenstown,1976.0,736.0,1345.0,Ghim Moh Road,3,2,"Ardmore, Bukit Timah, Holland Road, Tanglin",Central,2025-04-19 13:25:28,49.0,50.0,330000.0,448.3333333333333,1.5,4,2025,1,1,65905.0,36800.0,13
465000.0,HDB 3-Room,Queenstown,1975.0,664.0,700.0,Ghim Moh Road,3,1,"Ardmore, Bukit Timah, Holland Road, Tanglin",Central,2025-04-19 13:25:28,50.0,49.0,155000.0,233.33333333333334,3.0,4,2025,1,1,35000.0,32536.0,1
1680000.0,HDB 4PA (Premium Apartment),Queenstown,2020.0,1814.0,926.0,Dawson Road,3,2,"Ardmore, Bukit Timah, Holland Road, Tanglin",Central,2025-04-19 13:25:28,5.0,94.0,560000.0,308.6666666666667,1.5,4,2025,1,1,4630.0,170516.0,96
850000.0,HDB 5-Room,Queenstown,1976.0,675.0,1259.0,Ghim Moh Road,3,2,"Ardmore, Bukit Timah, Holland Road, Tanglin",Central,2025-04-19 13:25:28,49.0,50.0,283333.3333333333,419.6666666666667,1.5,4,2025,1,1,61691.0,33750.0,7
413888.0,HDB 3-Room,Queenstown,1976.0,591.0,700.0,Ghim Moh Road,2,1,"Ardmore, Bukit Timah, Holland Road, Tanglin",Central,2025-04-19 13:25:28,49.0,50.0,206944.0,350.0,2.0,4,2025,1,1,34300.0,29550.0,21
760000.0,HDB 4-Room,Queenstown,1974.0,803.0,947.0,Holland Drive,3,2,"Ardmore, Bukit Timah, Holland Road, Tanglin",Central,2025-04-19 13:25:28,51.0,48.0,253333.33333333334,315.6666666666667,1.5,4,2025,1,1,48297.0,38544.0,13
1700000.0,HDB 5PA (Premium Apartment),Queenstown,2020.0,1463.0,1162.0,Dawson Road,4,2,"Ardmore, Bukit Timah, Holland Road, Tanglin",Central,2025-04-19 13:25:28,5.0,94.0,425000.0,290.5,2.0,4,2025,1,1,5810.0,137522.0,96
568888.0,HDB 3-Room,Queenstown,1973.0,725.0,785.0,Holland Avenue,2,2,"Ardmore, Bukit Timah, Holland Road, Tanglin",Central,2025-04-19 13:25:28,52.0,47.0,284444.0,392.5,1.0,4,2025,1,1,40820.0,34075.0,9
1150000.0,HDB 5-Room,Queenstown,1976.0,869.0,1323.0,Ghim Moh Road,3,2,"Ardmore, Bukit Timah, Holland Road, Tanglin",Central,2025-04-19 13:25:28,49.0,50.0,383333.3333333333,441.0,1.5,4,2025,1,1,64827.0,43450.0,13
550000.0,HDB 3-Room,Bukit Timah,1973.0,701.0,785.0,Queen's Road,2,1,"Ardmore, Bukit Timah, Holland Road, Tanglin",Central,2025-04-19 13:25:28,52.0,47.0,275000.0,392.5,2.0,4,2025,1,1,40820.0,32947.0,4
445000.0,HDB 3-Room,Queenstown,1976.0,636.0,700.0,Ghim Moh Road,2,1,"Ardmore, Bukit Timah, Holland Road, Tanglin",Central,2025-04-19 13:25:28,49.0,50.0,222500.0,350.0,2.0,4,2025,1,1,34300.0,31800.0,19
770000.0,HDB 3-Room,Queenstown,2011.0,1068.0,721.0,Ghim Moh Link,2,2,"Ardmore, Bukit Timah, Holland Road, Tanglin",Central,2025-04-19 13:25:28,14.0,85.0,385000.0,360.5,1.0,4,2025,1,1,10094.0,90780.0,27
430000.0,HDB 3-Room,Queenstown,1975.0,614.0,700.0,Ghim Moh Road,2,1,"Ardmore, Bukit Timah, Holland Road, Tanglin",Central,2025-04-19 13:25:28,50.0,49.0,215000.0,350.0,2.0,4,2025,1,1,35000.0,30086.0,1
450000.0,HDB 3-Room,Queenstown,1973.0,709.0,635.0,Holland Close,2,1,"Ardmore, Bukit Timah, Holland Road, Tanglin",Central,2025-04-19 13:25:28,52.0,47.0,225000.0,317.5,2.0,4,2025,1,1,33020.0,33323.0,32
1080000.0,HDB 5-Room,Queenstown,1974.0,858.0,1259.0,Holland Drive,3,2,"Ardmore, Bukit Timah, Holland Road, Tanglin",Central,2025-04-19 13:25:28,51.0,48.0,360000.0,419.6666666666667,1.5,4,2025,1,1,64209.0,41184.0,20
480000.0,HDB 3-Room,Bukit Timah,1975.0,686.0,700.0,Empress Road,2,2,"Ardmore, Bukit Timah, Holland Road, Tanglin",Central,2025-04-19 13:25:28,50.0,49.0,240000.0,350.0,1.0,4,2025,1,1,35000.0,33614.0,8
920000.0,HDB 3PA (Premium Apartment),Queenstown,2020.0,1357.0,678.0,Dawson Road,2,2,"Ardmore, Bukit Timah, Holland Road, Tanglin",Central,2025-04-19 13:25:28,5.0,94.0,460000.0,339.0,1.0,4,2025,1,1,3390.0,127558.0,94
628000.0,HDB 4-Room,Kallang/Whampoa,1972.0,695.0,904.0,Moulmein Road,3,2,"Watten Estate, Novena, Thomson",Central,2025-04-19 13:25:28,53.0,46.0,209333.33333333334,301.3333333333333,1.5,4,2025,1,1,47912.0,31970.0,69
623888.0,HDB 4-Room,Kallang/Whampoa,1972.0,690.0,904.0,Moulmein Road,3,2,"Watten Estate, Novena, Thomson",Central,2025-04-19 13:25:28,53.0,46.0,207962.66666666666,301.3333333333333,1.5,4,2025,1,1,47912.0,31740.0,69
1060000.0,HDB 4-Room,Toa Payoh,2004.0,1082.0,980.0,Lorong 2 Toa Payoh,3,2,"Balestier, Toa Payoh, Serangoon",Central,2025-04-19 13:25:28,21.0,78.0,353333.3333333333,326.6666666666667,1.5,4,2025,1,1,20580.0,84396.0,147
1030000.0,HDB Exec Maisonette,Kallang/Whampoa,1983.0,626.0,1646.0,Jalan Rajah,3,3,"Balestier, Toa Payoh, Serangoon",Central,2025-04-19 13:25:28,42.0,57.0,343333.3333333333,548.6666666666666,1.0,4,2025,1,1,69132.0,35682.0,108
1400000.0,HDB 5-Room,Toa Payoh,2012.0,1182.0,1184.0,Lorong 1A Toa Payoh,3,2,"Balestier, Toa Payoh, Serangoon",Central,2025-04-19 13:25:28,13.0,86.0,466666.6666666667,394.6666666666667,1.5,4,2025,1,1,15392.0,101652.0,138C
1650000.0,HDB 5-Room,Kallang/Whampoa,1959.0,881.0,1873.0,Jalan Ma'mor,4,2,"Balestier, Toa Payoh, Serangoon",Central,2025-04-19 13:25:28,66.0,33.0,412500.0,468.25,2.0,4,2025,1,1,123618.0,29073.0,58
865000.0,HDB 5-Room,Kallang/Whampoa,1999.0,766.0,1129.0,Jalan Tenteram,3,2,"Balestier, Toa Payoh, Serangoon",Central,2025-04-19 13:25:28,26.0,73.0,288333.3333333333,376.3333333333333,1.5,4,2025,1,1,29354.0,55918.0,18
1080000.0,HDB 4-Room,Toa Payoh,2007.0,1102.0,980.0,Toa Payoh Central,3,2,"Balestier, Toa Payoh, Serangoon",Central,2025-04-19 13:25:28,18.0,81.0,360000.0,326.6666666666667,1.5,4,2025,1,1,17640.0,89262.0,79B
498000.0,HDB 4-Room,Toa Payoh,1975.0,564.0,883.0,Lorong 8 Toa Payoh,3,2,"Balestier, Toa Payoh, Serangoon",Central,2025-04-19 13:25:28,50.0,49.0,166000.0,294.3333333333333,1.5,4,2025,1,1,44150.0,27636.0,214
1348888.0,HDB 5-Room,Toa Payoh,2012.0,1071.0,1259.0,Lorong 1A Toa Payoh,3,2,"Balestier, Toa Payoh, Serangoon",Central,2025-04-19 13:25:28,13.0,86.0,449629.3333333333,419.6666666666667,1.5,4,2025,1,1,16367.0,92106.0,139A
800000.0,HDB 5-Room,Toa Payoh,1988.0,559.0,1432.0,Kim Keat Link,4,2,"Balestier, Toa Payoh, Serangoon",Central,2025-04-19 13:25:28,37.0,62.0,200000.0,358.0,2.0,4,2025,1,1,52984.0,34658.0,243
418000.0,HDB 3-Room,Toa Payoh,1968.0,571.0,732.0,Lorong 1 Toa Payoh,2,1,"Balestier, Toa Payoh, Serangoon",Central,2025-04-19 13:25:28,57.0,42.0,209000.0,366.0,2.0,4,2025,1,1,41724.0,23982.0,100
1188000.0,HDB 4-Room,Toa Payoh,2017.0,1187.0,1001.0,Lorong 1 Toa Payoh,3,2,"Balestier, Toa Payoh, Serangoon",Central,2025-04-19 13:25:28,8.0,91.0,396000.0,333.6666666666667,1.5,4,2025,1,1,8008.0,108017.0,131A
740000.0,HDB 4-Room,Toa Payoh,1998.0,688.0,1076.0,Lorong 4 Toa Payoh,3,2,"Balestier, Toa Payoh, Serangoon",Central,2025-04-19 13:25:28,27.0,72.0,246666.66666666666,358.6666666666667,1.5,4,2025,1,1,29052.0,49536.0,62
1199900.0,HDB 5-Room,Kallang/Whampoa,1973.0,736.0,1630.0,Whampoa Drive,6,3,"Balestier, Toa Payoh, Serangoon",Central,2025-04-19 13:25:28,52.0,47.0,199983.33333333334,271.6666666666667,2.0,4,2025,1,1,84760.0,34592.0,93
909000.0,HDB 4-Room,Toa Payoh,2005.0,928.0,979.0,Lorong 2 Toa Payoh,3,2,"Balestier, Toa Payoh, Serangoon",Central,2025-04-19 13:25:28,20.0,79.0,303000.0,326.3333333333333,1.5,4,2025,1,1,19580.0,73312.0,152
745000.0,HDB 5-Room,Toa Payoh,1977.0,592.0,1259.0,Lorong 8 Toa Payoh,3,2,"Balestier, Toa Payoh, Serangoon",Central,2025-04-19 13:25:28,48.0,51.0,248333.33333333334,419.6666666666667,1.5,4,2025,1,1,60432.0,30192.0,218
1280000.0,HDB 5-Room,Toa Payoh,1999.0,1026.0,1248.0,Lorong 2 Toa Payoh,3,2,"Balestier, Toa Payoh, Serangoon",Central,2025-04-19 13:25:28,26.0,73.0,426666.6666666667,416.0,1.5,4,2025,1,1,32448.0,74898.0,142
950000.0,HDB 4-Room,Kallang/Whampoa,2010.0,992.0,958.0,Bendemeer Road,3,2,"Balestier, Toa Payoh, Serangoon",Central,2025-04-19 13:25:28,15.0,84.0,316666.6666666667,319.3333333333333,1.5,4,2025,1,1,14370.0,83328.0,38C
1146000.0,HDB 4PA (Premium Apartment),Toa Payoh,2012.0,1169.0,980.0,Lorong 1A Toa Payoh,3,2,"Balestier, Toa Payoh, Serangoon",Central,2025-04-19 13:25:28,13.0,86.0,382000.0,326.6666666666667,1.5,4,2025,1,1,12740.0,100534.0,139A
348888.0,HDB 3-Room,Geylang,1965.0,569.0,613.0,Balam Road,2,1,"Macpherson, Braddell",East,2025-04-19 13:25:28,60.0,39.0,174444.0,306.5,2.0,4,2025,0,1,36780.0,22191.0,32
598000.0,HDB 3-Room,Toa Payoh,1984.0,751.0,796.0,Potong Pasir Avenue 3,2,2,"Macpherson, Braddell",East,2025-04-19 13:25:28,41.0,58.0,299000.0,398.0,1.0,4,2025,0,1,32636.0,43558.0,140
830000.0,HDB 5-Room,Toa Payoh,1983.0,584.0,1421.0,Joo Seng Road,5,2,"Macpherson, Braddell",East,2025-04-19 13:25:28,42.0,57.0,166000.0,284.2,2.5,4,2025,0,1,59682.0,33288.0,14
800000.0,HDB 3-Room,2019,2019.0,1093.0,732.0,Alkaff Crescent,2,2,"Macpherson, Braddell",East,2025-04-19 13:25:28,6.0,93.0,400000.0,366.0,1.0,4,2025,0,0,4392.0,101649.0,118A
850000.0,HDB 3-Room,2020,2020.0,1161.0,732.0,Bidadari Park Drive,2,2,"Macpherson, Braddell",East,2025-04-19 13:25:28,5.0,94.0,425000.0,366.0,1.0,4,2025,0,0,3660.0,109134.0,102B
380000.0,HDB 3-Room,Geylang,1965.0,588.0,646.0,Balam Road,2,1,"Macpherson, Braddell",East,2025-04-19 13:25:28,60.0,39.0,190000.0,323.0,2.0,4,2025,0,1,38760.0,22932.0,21
368000.0,HDB 3-Room,Geylang,1965.0,600.0,613.0,Balam Road,2,1,"Macpherson, Braddell",East,2025-04-19 13:25:28,60.0,39.0,184000.0,306.5,2.0,4,2025,0,1,36780.0,23400.0,32
1150000.0,HDB 4-Room,2019,2019.0,1149.0,1001.0,Alkaff Crescent,3,2,"Macpherson, Braddell",East,2025-04-19 13:25:28,6.0,93.0,383333.3333333333,333.6666666666667,1.5,4,2025,0,0,6006.0,106857.0,115A
1228000.0,HDB 4PA (Premium Apartment),2020,2020.0,1227.0,1001.0,Bidadari Park Drive,3,2,"Macpherson, Braddell",East,2025-04-19 13:25:28,5.0,94.0,409333.3333333333,333.6666666666667,1.5,4,2025,0,0,5005.0,115338.0,102A
620000.0,HDB 3-Room,Toa Payoh,2015.0,847.0,732.0,Upper Aljunied Lane,2,2,"Macpherson, Braddell",East,2025-04-19 13:25:28,10.0,89.0,310000.0,366.0,1.0,4,2025,0,1,7320.0,75383.0,7
330000.0,HDB 3-Room,Geylang,1964.0,547.0,603.0,Circuit Road,2,1,"Macpherson, Braddell",East,2025-04-19 13:25:28,61.0,38.0,165000.0,301.5,2.0,4,2025,0,1,36783.0,20786.0,49
320000.0,HDB 3-Room,Geylang,1965.0,496.0,645.0,Balam Road,2,1,"Macpherson, Braddell",East,2025-04-19 13:25:28,60.0,39.0,160000.0,322.5,2.0,4,2025,0,1,38700.0,19344.0,22
599999.0,HDB 3-Room,Toa Payoh,1984.0,753.0,797.0,Potong Pasir Avenue 3,2,2,"Macpherson, Braddell",East,2025-04-19 13:25:28,41.0,58.0,299999.5,398.5,1.0,4,2025,0,1,32677.0,43674.0,134
838000.0,HDB 3-Room,2019,2019.0,1145.0,732.0,Alkaff Crescent,2,2,"Macpherson, Braddell",East,2025-04-19 13:25:28,6.0,93.0,419000.0,366.0,1.0,4,2025,0,0,4392.0,106485.0,118A
1088000.0,HDB 4-Room,2019,2019.0,1087.0,1001.0,Alkaff Crescent,3,2,"Macpherson, Braddell",East,2025-04-19 13:25:28,6.0,93.0,362666.6666666667,333.6666666666667,1.5,4,2025,0,0,6006.0,101091.0,115C
1100000.0,HDB 4-Room,2020,2020.0,1099.0,1001.0,Bidadari Park Drive,3,2,"Macpherson, Braddell",East,2025-04-19 13:25:28,5.0,94.0,366666.6666666667,333.6666666666667,1.5,4,2025,0,0,5005.0,103306.0,102B
630000.0,HDB 4-Room,Toa Payoh,1984.0,586.0,1076.0,Potong Pasir Avenue 1,3,2,"Macpherson, Braddell",East,2025-04-19 13:25:28,41.0,58.0,210000.0,358.6666666666667,1.5,4,2025,0,1,44116.0,33988.0,117
1150000.0,HDB 4-Room,2020,2020.0,1149.0,1001.0,Bidadari Park Drive,3,2,"Macpherson, Braddell",East,2025-04-19 13:25:28,5.0,94.0,383333.3333333333,333.6666666666667,1.5,4,2025,0,0,5005.0,108006.0,102B
1078000.0,HDB 4-Room,2019,2019.0,1065.0,1012.0,Bidadari Park Drive,3,2,"Macpherson, Braddell",East,2025-04-19 13:25:28,6.0,93.0,359333.3333333333,337.3333333333333,1.5,4,2025,0,0,6072.0,99045.0,106B
1000000.0,HDB 3-Room,2019,2019.0,1366.0,732.0,Alkaff Crescent,2,2,"Macpherson, Braddell",East,2025-04-19 13:25:28,6.0,93.0,500000.0,366.0,1.0,4,2025,0,0,4392.0,127038.0,115C
618000.0,HDB 4-Room,Geylang,1985.0,684.0,904.0,Ubi Avenue 1,3,2,"Geylang, Eunos",East,2025-04-19 13:25:28,40.0,59.0,206000.0,301.3333333333333,1.5,4,2025,0,1,36160.0,40356.0,341
969000.0,HDB 5-Room,Bedok,1995.0,715.0,1356.0,Jalan Tenaga,4,2,"Geylang, Eunos",East,2025-04-19 13:25:28,30.0,69.0,242250.0,339.0,2.0,4,2025,0,1,40680.0,49335.0,656
908000.0,HDB 5-Room,Geylang,1983.0,639.0,1421.0,Geylang East Avenue 1,3,2,"Geylang, Eunos",East,2025-04-19 13:25:28,42.0,57.0,302666.6666666667,473.6666666666667,1.5,4,2025,0,1,59682.0,36423.0,124
520000.0,HDB 3-Room,Geylang,1977.0,589.0,883.0,Aljunied Crescent,2,2,"Geylang, Eunos",East,2025-04-19 13:25:28,48.0,51.0,260000.0,441.5,1.0,4,2025,0,1,42384.0,30039.0,99
520000.0,HDB 3-Room,Geylang,1980.0,721.0,721.0,Cassia Crescent,2,2,"Geylang, Eunos",East,2025-04-19 13:25:28,45.0,54.0,260000.0,360.5,1.0,4,2025,0,1,32445.0,38934.0,34
460000.0,HDB 3-Room,Geylang,1978.0,638.0,721.0,Aljunied Crescent,2,2,"Geylang, Eunos",East,2025-04-19 13:25:28,47.0,52.0,230000.0,360.5,1.0,4,2025,0,1,33887.0,33176.0,106
628000.0,HDB 4-Room,Geylang,1976.0,634.0,990.0,Eunos Crescent,3,2,"Geylang, Eunos",East,2025-04-19 13:25:28,49.0,50.0,209333.33333333334,330.0,1.5,4,2025,0,1,48510.0,31700.0,23
618000.0,HDB 4-Room,Geylang,1985.0,684.0,904.0,Ubi Avenue 1,3,2,"Geylang, Eunos",East,2025-04-19 13:25:28,40.0,59.0,206000.0,301.3333333333333,1.5,4,2025,0,1,36160.0,40356.0,311
945000.0,HDB 5-Room,Geylang,1998.0,770.0,1227.0,Pine Close,3,2,"Geylang, Eunos",East,2025-04-19 13:25:28,27.0,72.0,315000.0,409.0,1.5,4,2025,0,1,33129.0,55440.0,5
530000.0,HDB 3-Room,Geylang,1980.0,735.0,721.0,Cassia Crescent,2,2,"Geylang, Eunos",East,2025-04-19 13:25:28,45.0,54.0,265000.0,360.5,1.0,4,2025,0,1,32445.0,39690.0,32
588000.0,HDB 4-Room,Geylang,1985.0,650.0,904.0,Ubi Avenue 1,3,2,"Geylang, Eunos",East,2025-04-19 13:25:28,40.0,59.0,196000.0,301.3333333333333,1.5,4,2025,0,1,36160.0,38350.0,330
1080000.0,HDB 4-Room,Geylang,2019.0,1079.0,1001.0,Circuit Road,3,2,"Geylang, Eunos",East,2025-04-19 13:25:28,6.0,93.0,360000.0,333.6666666666667,1.5,4,2025,0,1,6006.0,100347.0,82B
768000.0,HDB 5-Room,Geylang,1989.0,585.0,1313.0,Sims Drive,4,2,"Geylang, Eunos",East,2025-04-19 13:25:28,36.0,63.0,192000.0,328.25,2.0,4,2025,0,1,47268.0,36855.0,42A
499000.0,HDB 3-Room,Kallang/Whampoa,1973.0,621.0,804.0,Upper Boon Keng Road,2,1,"Geylang, Eunos",East,2025-04-19 13:25:28,52.0,47.0,249500.0,402.0,2.0,4,2025,0,1,41808.0,29187.0,11
1100000.0,HDB Exec Maisonette,Geylang,1985.0,701.0,1570.0,Ubi Avenue 1,3,2,"Geylang, Eunos",East,2025-04-19 13:25:28,40.0,59.0,366666.6666666667,523.3333333333334,1.5,4,2025,0,1,62800.0,41359.0,326
888000.0,HDB 5-Room,Bedok,1995.0,650.0,1367.0,Jalan Tenaga,4,2,"Geylang, Eunos",East,2025-04-19 13:25:28,30.0,69.0,222000.0,341.75,2.0,4,2025,0,1,41010.0,44850.0,655
840000.0,HDB 4-Room,Kallang/Whampoa,2006.0,868.0,968.0,Upper Boon Keng Road,3,2,"Geylang, Eunos",East,2025-04-19 13:25:28,19.0,80.0,280000.0,322.6666666666667,1.5,4,2025,0,1,18392.0,69440.0,2A
1120000.0,HDB 5-Room,Kallang/Whampoa,2006.0,946.0,1184.0,Upper Boon Keng Road,3,2,"Geylang, Eunos",East,2025-04-19 13:25:28,19.0,80.0,373333.3333333333,394.6666666666667,1.5,4,2025,0,1,22496.0,75680.0,2A
809000.0,HDB 5-Room,Geylang,1976.0,632.0,1280.0,Sims Drive,3,2,"Geylang, Eunos",East,2025-04-19 13:25:28,49.0,50.0,269666.6666666667,426.6666666666667,1.5,4,2025,0,1,62720.0,31600.0,51
1100000.0,HDB 5-Room,Marine Parade,1976.0,838.0,1313.0,Marine Drive,3,2,"Katong, Joo Chiat, Amber Road",East,2025-04-19 13:25:28,49.0,50.0,366666.6666666667,437.6666666666667,1.5,4,2025,0,1,64337.0,41900.0,77
898888.0,HDB 5-Room,Marine Parade,1974.0,696.0,1292.0,Marine Terrace,3,2,"Katong, Joo Chiat, Amber Road",East,2025-04-19 13:25:28,51.0,48.0,299629.3333333333,430.6666666666667,1.5,4,2025,0,1,65892.0,33408.0,2
1100000.0,HDB 5-Room,Marine Parade,1976.0,851.0,1292.0,Marine Drive,3,2,"Katong, Joo Chiat, Amber Road",East,2025-04-19 13:25:28,49.0,50.0,366666.6666666667,430.6666666666667,1.5,4,2025,0,1,63308.0,42550.0,77
468000.0,HDB 3-Room,Marine Parade,1975.0,669.0,700.0,Marine Drive,2,2,"Katong, Joo Chiat, Amber Road",East,2025-04-19 13:25:28,50.0,49.0,234000.0,350.0,1.0,4,2025,0,1,35000.0,32781.0,65
888000.0,HDB 5-Room,Marine Parade,1974.0,687.0,1292.0,Marine Terrace,3,2,"Katong, Joo Chiat, Amber Road",East,2025-04-19 13:25:28,51.0,48.0,296000.0,430.6666666666667,1.5,4,2025,0,1,65892.0,32976.0,12
480000.0,HDB 3-Room,Marine Parade,1974.0,686.0,700.0,Marine Terrace,2,2,"Katong, Joo Chiat, Amber Road",East,2025-04-19 13:25:28,51.0,48.0,240000.0,350.0,1.0,4,2025,0,1,35700.0,32928.0,6
800000.0,HDB 5-Room,Marine Parade,1975.0,620.0,1291.0,Marine Crescent,3,2,"Katong, Joo Chiat, Amber Road",East,2025-04-19 13:25:28,50.0,49.0,266666.6666666667,430.3333333333333,1.5,4,2025,0,1,64550.0,30380.0,44
358000.0,HDB 2-Room,Kallang/Whampoa,1963.0,694.0,516.0,Jalan Batu,1,1,"Katong, Joo Chiat, Amber Road",East,2025-04-19 13:25:28,62.0,37.0,358000.0,516.0,1.0,4,2025,0,1,31992.0,25678.0,8
458000.0,HDB 3-Room,Marine Parade,1974.0,654.0,700.0,Marine Crescent,2,2,"Katong, Joo Chiat, Amber Road",East,2025-04-19 13:25:28,51.0,48.0,229000.0,350.0,1.0,4,2025,0,1,35700.0,31392.0,31
450000.0,HDB 3-Room,Marine Parade,1975.0,615.0,732.0,Marine Drive,2,1,"Katong, Joo Chiat, Amber Road",East,2025-04-19 13:25:28,50.0,49.0,225000.0,366.0,2.0,4,2025,0,1,36600.0,30135.0,64
1100000.0,HDB 5-Room,Marine Parade,1974.0,851.0,1292.0,Marine Terrace,3,2,"Katong, Joo Chiat, Amber Road",East,2025-04-19 13:25:28,51.0,48.0,366666.6666666667,430.6666666666667,1.5,4,2025,0,1,65892.0,40848.0,12
700000.0,HDB 4-Room,Marine Parade,1975.0,793.0,883.0,Marine Drive,3,1,"Katong, Joo Chiat, Amber Road",East,2025-04-19 13:25:28,50.0,49.0,233333.33333333334,294.3333333333333,3.0,4,2025,0,1,44150.0,38857.0,75
470000.0,HDB 3-Room,Marine Parade,1974.0,671.0,700.0,Marine Terrace,2,2,"Katong, Joo Chiat, Amber Road",East,2025-04-19 13:25:28,51.0,48.0,235000.0,350.0,1.0,4,2025,0,1,35700.0,32208.0,6
345000.0,HDB 2-Room,Kallang/Whampoa,1963.0,641.0,538.0,Jalan Batu,2,1,"Katong, Joo Chiat, Amber Road",East,2025-04-19 13:25:28,62.0,37.0,172500.0,269.0,2.0,4,2025,0,1,33356.0,23717.0,8
808000.0,HDB 5-Room,Geylang,1976.0,653.0,1237.0,Haig Road,3,2,"Katong, Joo Chiat, Amber Road",East,2025-04-19 13:25:28,49.0,50.0,269333.3333333333,412.3333333333333,1.5,4,2025,0,1,60613.0,32650.0,6
480000.0,HDB 3-Room,Marine Parade,1974.0,687.0,699.0,Marine Terrace,2,1,"Katong, Joo Chiat, Amber Road",East,2025-04-19 13:25:28,51.0,48.0,240000.0,349.5,2.0,4,2025,0,1,35649.0,32976.0,4
795000.0,HDB 4-Room,Kallang/Whampoa,1966.0,704.0,1130.0,Jalan Batu,3,2,"Katong, Joo Chiat, Amber Road",East,2025-04-19 13:25:28,59.0,40.0,265000.0,376.6666666666667,1.5,4,2025,0,1,66670.0,28160.0,10
440000.0,HDB 3-Room,Bedok,1975.0,561.0,785.0,Bedok South Avenue 1,3,1,"Bedok, Upper East Coast, Eastwood, Kew Drive",East,2025-04-19 13:25:28,50.0,49.0,146666.66666666666,261.6666666666667,3.0,4,2025,0,1,39250.0,27489.0,4
430000.0,HDB 3-Room,Bedok,1979.0,596.0,721.0,Bedok North Avenue 1,3,2,"Bedok, Upper East Coast, Eastwood, Kew Drive",East,2025-04-19 13:25:28,46.0,53.0,143333.33333333334,240.33333333333334,1.5,4,2025,0,1,33166.0,31588.0,550
478000.0,HDB 3-Room,Bedok,1980.0,653.0,732.0,Bedok Reservoir Road,2,2,"Bedok, Upper East Coast, Eastwood, Kew Drive",East,2025-04-19 13:25:28,45.0,54.0,239000.0,366.0,1.0,4,2025,0,1,32940.0,35262.0,709
499000.0,HDB 3-Room,Bedok,1976.0,566.0,882.0,Bedok North Road,2,2,"Bedok, Upper East Coast, Eastwood, Kew Drive",East,2025-04-19 13:25:28,49.0,50.0,249500.0,441.0,1.0,4,2025,0,1,43218.0,28300.0,110
880000.0,HDB 4-Room,Bedok,2008.0,870.0,1011.0,Bedok Central,3,2,"Bedok, Upper East Coast, Eastwood, Kew Drive",East,2025-04-19 13:25:28,17.0,82.0,293333.3333333333,337.0,1.5,4,2025,0,1,17187.0,71340.0,221B
880000.0,HDB 5-Room,Bedok,1977.0,610.0,1442.0,Bedok North Street 4,5,4,"Bedok, Upper East Coast, Eastwood, Kew Drive",East,2025-04-19 13:25:28,48.0,51.0,176000.0,288.4,1.25,4,2025,0,1,69216.0,31110.0,84
599000.0,HDB 4-Room,Bedok,1979.0,618.0,969.0,Bedok North Street 3,3,2,"Bedok, Upper East Coast, Eastwood, Kew Drive",East,2025-04-19 13:25:28,46.0,53.0,199666.66666666666,323.0,1.5,4,2025,0,1,44574.0,32754.0,510
768000.0,HDB 5-Room,Bedok,1986.0,585.0,1313.0,Bedok Reservoir Road,3,2,"Bedok, Upper East Coast, Eastwood, Kew Drive",East,2025-04-19 13:25:28,39.0,60.0,256000.0,437.6666666666667,1.5,4,2025,0,1,51207.0,35100.0,147
480000.0,HDB 3-Room,Bedok,1976.0,603.0,796.0,New Upper Changi Road,3,2,"Bedok, Upper East Coast, Eastwood, Kew Drive",East,2025-04-19 13:25:28,49.0,50.0,160000.0,265.3333333333333,1.5,4,2025,0,1,39004.0,30150.0,27
403000.0,HDB 3-Room,Bedok,1972.0,577.0,699.0,Chai Chee Road,2,1,"Bedok, Upper East Coast, Eastwood, Kew Drive",East,2025-04-19 13:25:28,53.0,46.0,201500.0,349.5,2.0,4,2025,0,1,37047.0,26542.0,19
620000.0,HDB 4-Room,Bedok,1978.0,626.0,990.0,Bedok North Road,3,2,"Bedok, Upper East Coast, Eastwood, Kew Drive",East,2025-04-19 13:25:28,47.0,52.0,206666.66666666666,330.0,1.5,4,2025,0,1,46530.0,32552.0,428
470000.0,HDB 3-Room,Bedok,1980.0,642.0,732.0,Bedok Reservoir Road,2,2,"Bedok, Upper East Coast, Eastwood, Kew Drive",East,2025-04-19 13:25:28,45.0,54.0,235000.0,366.0,1.0,4,2025,0,1,32940.0,34668.0,713
480000.0,HDB 4-Room,Bedok,1977.0,531.0,904.0,Bedok South Road,3,2,"Bedok, Upper East Coast, Eastwood, Kew Drive",East,2025-04-19 13:25:28,48.0,51.0,160000.0,301.3333333333333,1.5,4,2025,0,1,43392.0,27081.0,43
488000.0,HDB 3-Room,Bedok,1975.0,697.0,700.0,Bedok South Avenue 1,3,1,"Bedok, Upper East Coast, Eastwood, Kew Drive",East,2025-04-19 13:25:28,50.0,49.0,162666.66666666666,233.33333333333334,3.0,4,2025,0,1,35000.0,34153.0,4
727000.0,HDB 3-Room,Bedok,2019.0,978.0,743.0,Bedok North Road,2,2,"Bedok, Upper East Coast, Eastwood, Kew Drive",East,2025-04-19 13:25:28,6.0,93.0,363500.0,371.5,1.0,4,2025,0,1,4458.0,90954.0,431A
1270000.0,HDB Exec Maisonette,Bedok,1986.0,792.0,1604.0,Bedok Reservoir Road,4,3,"Bedok, Upper East Coast, Eastwood, Kew Drive",East,2025-04-19 13:25:28,39.0,60.0,317500.0,401.0,1.3333333333333333,4,2025,0,1,62556.0,47520.0,137
488888.0,HDB 3-Room,Bedok,1979.0,678.0,721.0,Bedok North Street 1,2,2,"Bedok, Upper East Coast, Eastwood, Kew Drive",East,2025-04-19 13:25:28,46.0,53.0,244444.0,360.5,1.0,4,2025,0,1,33166.0,35934.0,218
925000.0,HDB 4-Room,Bedok,2019.0,914.0,1012.0,Bedok North Road,3,2,"Bedok, Upper East Coast, Eastwood, Kew Drive",East,2025-04-19 13:25:28,6.0,93.0,308333.3333333333,337.3333333333333,1.5,4,2025,0,1,6072.0,85002.0,431A
600000.0,HDB 4-Room,Bedok,1986.0,664.0,904.0,Bedok Reservoir Road,3,2,"Bedok, Upper East Coast, Eastwood, Kew Drive",East,2025-04-19 13:25:28,39.0,60.0,200000.0,301.3333333333333,1.5,4,2025,0,1,35256.0,39840.0,128
360000.0,HDB 3-Room,Pasir Ris,1975.0,507.0,710.0,Changi Village Road,2,1,"Loyang, Changi",East,2025-04-19 13:25:28,50.0,49.0,180000.0,355.0,2.0,4,2025,0,1,35500.0,24843.0,1
500000.0,HDB 3-Room,Pasir Ris,1978.0,627.0,797.0,Changi Village Road,2,2,"Loyang, Changi",East,2025-04-19 13:25:28,47.0,52.0,250000.0,398.5,1.0,4,2025,0,1,37459.0,32604.0,5
330000.0,HDB 3-Room,Pasir Ris,1975.0,414.0,797.0,Changi Village Road,2,1,"Loyang, Changi",East,2025-04-19 13:25:28,50.0,49.0,165000.0,398.5,2.0,4,2025,0,1,39850.0,20286.0,4
896000.0,HDB 5-Room,Tampines,2018.0,743.0,1206.0,Tampines Avenue 9,3,2,"Tampines, Pasir Ris",East,2025-04-19 13:25:28,7.0,92.0,298666.6666666667,402.0,1.5,4,2025,0,1,8442.0,68356.0,604B
1050000.0,HDB Exec Maisonette,Tampines,1988.0,668.0,1572.0,Tampines Street 81,3,3,"Tampines, Pasir Ris",East,2025-04-19 13:25:28,37.0,62.0,350000.0,524.0,1.0,4,2025,0,1,58164.0,41416.0,895
799000.0,HDB 5-Room,Tampines,1983.0,614.0,1302.0,Tampines Street 21,3,2,"Tampines, Pasir Ris",East,2025-04-19 13:25:28,42.0,57.0,266333.3333333333,434.0,1.5,4,2025,0,1,54684.0,34998.0,257
680000.0,HDB 4-Room,Tampines,1983.0,614.0,1108.0,Tampines Street 21,3,2,"Tampines, Pasir Ris",East,2025-04-19 13:25:28,42.0,57.0,226666.66666666666,369.3333333333333,1.5,4,2025,0,1,46536.0,34998.0,250
1238800.0,HDB Exec Maisonette,Pasir Ris,1989.0,788.0,1572.0,Pasir Ris Drive 6,3,3,"Tampines, Pasir Ris",East,2025-04-19 13:25:28,36.0,63.0,412933.3333333333,524.0,1.0,4,2025,0,1,56592.0,49644.0,408
700000.0,HDB 5-Room,Pasir Ris,1988.0,533.0,1313.0,Pasir Ris Street 12,4,2,"Tampines, Pasir Ris",East,2025-04-19 13:25:28,37.0,62.0,175000.0,328.25,2.0,4,2025,0,1,48581.0,33046.0,104
1150000.0,HDB Exec Maisonette,Tampines,1987.0,732.0,1572.0,Simei Street 4,4,3,"Tampines, Pasir Ris",East,2025-04-19 13:25:28,38.0,61.0,287500.0,393.0,1.3333333333333333,4,2025,0,1,59736.0,44652.0,226
850000.0,HDB 5-Room,Tampines,2019.0,699.0,1216.0,Tampines North Drive 1,3,2,"Tampines, Pasir Ris",East,2025-04-19 13:25:28,6.0,93.0,283333.3333333333,405.3333333333333,1.5,4,2025,0,1,7296.0,65007.0,608A
710000.0,HDB 4-Room,Tampines,1989.0,687.0,1033.0,Tampines Central 1,3,2,"Tampines, Pasir Ris",East,2025-04-19 13:25:28,36.0,63.0,236666.66666666666,344.3333333333333,1.5,4,2025,0,1,37188.0,43281.0,505
768000.0,HDB 5-Room,Tampines,1985.0,585.0,1313.0,Tampines Street 41,3,2,"Tampines, Pasir Ris",East,2025-04-19 13:25:28,40.0,59.0,256000.0,437.6666666666667,1.5,4,2025,0,1,52520.0,34515.0,432
580000.0,HDB 4-Room,Tampines,1984.0,642.0,904.0,Tampines Street 83,3,2,"Tampines, Pasir Ris",East,2025-04-19 13:25:28,41.0,58.0,193333.33333333334,301.3333333333333,1.5,4,2025,0,1,37064.0,37236.0,837
635000.0,HDB 4-Room,Pasir Ris,1988.0,562.0,1130.0,Pasir Ris Street 11,3,2,"Tampines, Pasir Ris",East,2025-04-19 13:25:28,37.0,62.0,211666.66666666666,376.6666666666667,1.5,4,2025,0,1,41810.0,34844.0,124
669000.0,HDB 4-Room,Tampines,1983.0,598.0,1119.0,Tampines Street 21,3,2,"Tampines, Pasir Ris",East,2025-04-19 13:25:28,42.0,57.0,223000.0,373.0,1.5,4,2025,0,1,46998.0,34086.0,240
680000.0,HDB 4-Room,Tampines,1996.0,632.0,1076.0,Tampines Street 71,3,2,"Tampines, Pasir Ris",East,2025-04-19 13:25:28,29.0,70.0,226666.66666666666,358.6666666666667,1.5,4,2025,0,1,31204.0,44240.0,708
918000.0,HDB Exec Apartment,Pasir Ris,1993.0,561.0,1636.0,Pasir Ris Street 11,4,2,"Tampines, Pasir Ris",East,2025-04-19 13:25:28,32.0,67.0,229500.0,409.0,2.0,4,2025,0,1,52352.0,37587.0,134
820000.0,HDB 5-Room,Pasir Ris,1994.0,600.0,1367.0,Pasir Ris Street 71,4,2,"Tampines, Pasir Ris",East,2025-04-19 13:25:28,31.0,68.0,205000.0,341.75,2.0,4,2025,0,1,42377.0,40800.0,746
750000.0,HDB 4-Room,Tampines,1984.0,600.0,1249.0,Tampines Street 21,3,2,"Tampines, Pasir Ris",East,2025-04-19 13:25:28,41.0,58.0,250000.0,416.3333333333333,1.5,4,2025,0,1,51209.0,34800.0,271
680000.0,HDB 5-Room,Sengkang,1998.0,527.0,1291.0,Rivervale Street,3,2,"Serangoon Garden, Hougang, Ponggol",North East,2025-04-19 13:25:28,27.0,72.0,226666.66666666666,430.3333333333333,1.5,4,2025,0,0,34857.0,37944.0,127
528888.0,HDB 3-Room,Punggol,2017.0,724.0,731.0,Sumang Lane,2,2,"Serangoon Garden, Hougang, Ponggol",North East,2025-04-19 13:25:28,8.0,91.0,264444.0,365.5,1.0,4,2025,0,0,5848.0,65884.0,232C
718888.0,HDB 5-Room,Hougang,1986.0,557.0,1291.0,Hougang Avenue 8,3,2,"Serangoon Garden, Hougang, Ponggol",North East,2025-04-19 13:25:28,39.0,60.0,239629.33333333334,430.3333333333333,1.5,4,2025,0,0,50349.0,33420.0,641
430000.0,HDB 3-Room,Hougang,1986.0,657.0,654.0,Hougang Avenue 8,2,2,"Serangoon Garden, Hougang, Ponggol",North East,2025-04-19 13:25:28,39.0,60.0,215000.0,327.0,1.0,4,2025,0,0,25506.0,39420.0,642
778000.0,HDB 5-Room,Sengkang,2014.0,645.0,1206.0,Anchorvale Link,3,2,"Serangoon Garden, Hougang, Ponggol",North East,2025-04-19 13:25:28,11.0,88.0,259333.33333333334,402.0,1.5,4,2025,0,0,13266.0,56760.0,333B
788000.0,HDB 5-Room,Serangoon,1991.0,600.0,1313.0,Serangoon North Avenue 4,3,2,"Serangoon Garden, Hougang, Ponggol",North East,2025-04-19 13:25:28,34.0,65.0,262666.6666666667,437.6666666666667,1.5,4,2025,0,1,44642.0,39000.0,514
800000.0,HDB 5-Room,Sengkang,1998.0,641.0,1248.0,Rivervale Drive,3,2,"Serangoon Garden, Hougang, Ponggol",North East,2025-04-19 13:25:28,27.0,72.0,266666.6666666667,416.0,1.5,4,2025,0,0,33696.0,46152.0,145
599000.0,HDB 3-Room,Serangoon,2014.0,831.0,721.0,Upper Serangoon Crescent,2,2,"Serangoon Garden, Hougang, Ponggol",North East,2025-04-19 13:25:28,11.0,88.0,299500.0,360.5,1.0,4,2025,0,1,7931.0,73128.0,470B
733800.0,HDB 4PA (Premium Apartment),Punggol,2015.0,741.0,990.0,Punggol Walk,3,2,"Serangoon Garden, Hougang, Ponggol",North East,2025-04-19 13:25:28,10.0,89.0,244600.0,330.0,1.5,4,2025,0,0,9900.0,65949.0,310B
680000.0,HDB 4PA (Premium Apartment),Punggol,2007.0,687.0,990.0,Punggol East,3,2,"Serangoon Garden, Hougang, Ponggol",North East,2025-04-19 13:25:28,18.0,81.0,226666.66666666666,330.0,1.5,4,2025,0,0,17820.0,55647.0,168B
1080000.0,HDB Exec Maisonette,Serangoon,1991.0,660.0,1636.0,Serangoon North Avenue 4,4,3,"Serangoon Garden, Hougang, Ponggol",North East,2025-04-19 13:25:28,34.0,65.0,270000.0,409.0,1.3333333333333333,4,2025,0,1,55624.0,42900.0,535
428000.0,HDB 3-Room,Hougang,1977.0,545.0,785.0,Hougang Avenue 3,2,2,"Serangoon Garden, Hougang, Ponggol",North East,2025-04-19 13:25:28,48.0,51.0,214000.0,392.5,1.0,4,2025,0,0,37680.0,27795.0,19
488000.0,HDB 3-Room,Hougang,1984.0,667.0,732.0,Hougang Avenue 10,2,2,"Serangoon Garden, Hougang, Ponggol",North East,2025-04-19 13:25:28,41.0,58.0,244000.0,366.0,1.0,4,2025,0,0,30012.0,38686.0,401
508000.0,HDB 3-Room,Serangoon,1984.0,705.0,721.0,Serangoon Avenue 4,2,2,"Serangoon Garden, Hougang, Ponggol",North East,2025-04-19 13:25:28,41.0,58.0,254000.0,360.5,1.0,4,2025,0,1,29561.0,40890.0,221
708888.0,HDB 4-Room,Punggol,2011.0,716.0,990.0,Edgefield Plains,3,2,"Serangoon Garden, Hougang, Ponggol",North East,2025-04-19 13:25:28,14.0,85.0,236296.0,330.0,1.5,4,2025,0,0,13860.0,60860.0,614A
688000.0,HDB 4-Room,Punggol,2013.0,695.0,990.0,Punggol Walk,3,2,"Serangoon Garden, Hougang, Ponggol",North East,2025-04-19 13:25:28,12.0,87.0,229333.33333333334,330.0,1.5,4,2025,0,0,11880.0,60465.0,211C
660000.0,HDB 4-Room,Punggol,2012.0,667.0,990.0,Punggol Field,3,2,"Serangoon Garden, Hougang, Ponggol",North East,2025-04-19 13:25:28,13.0,86.0,220000.0,330.0,1.5,4,2025,0,0,12870.0,57362.0,170A
1030000.0,HDB 5-Room,Bishan,1985.0,797.0,1292.0,Sin Ming Avenue,3,2,"Bishan, Ang Mo Kio",Central,2025-04-19 13:25:28,40.0,59.0,343333.3333333333,430.6666666666667,1.5,4,2025,1,1,51680.0,47023.0,405
1300000.0,HDB Exec Apartment,Ang Mo Kio,1979.0,741.0,1754.0,Ang Mo Kio Avenue 8,5,4,"Bishan, Ang Mo Kio",Central,2025-04-19 13:25:28,46.0,53.0,260000.0,350.8,1.25,4,2025,1,1,80684.0,39273.0,504
440000.0,HDB 3-Room,Ang Mo Kio,1979.0,610.0,721.0,Ang Mo Kio Avenue 5,2,2,"Bishan, Ang Mo Kio",Central,2025-04-19 13:25:28,46.0,53.0,220000.0,360.5,1.0,4,2025,1,1,33166.0,32330.0,601
878000.0,HDB 4-Room,Bishan,1990.0,800.0,1098.0,Bishan Street 23,3,2,"Bishan, Ang Mo Kio",Central,2025-04-19 13:25:28,35.0,64.0,292666.6666666667,366.0,1.5,4,2025,1,1,38430.0,51200.0,226
1000000.0,HDB 4-Room,Ang Mo Kio,2010.0,1056.0,947.0,Ang Mo Kio Avenue 1,3,2,"Bishan, Ang Mo Kio",Central,2025-04-19 13:25:28,15.0,84.0,333333.3333333333,315.6666666666667,1.5,4,2025,1,1,14205.0,88704.0,307C
350000.0,HDB 2-Room,Ang Mo Kio,1979.0,738.0,474.0,Ang Mo Kio Avenue 8,1,1,"Bishan, Ang Mo Kio",Central,2025-04-19 13:25:28,46.0,53.0,350000.0,474.0,1.0,4,2025,1,1,21804.0,39114.0,508
528888.0,HDB 3-Room,Ang Mo Kio,1975.0,599.0,883.0,Ang Mo Kio Avenue 3,2,2,"Bishan, Ang Mo Kio",Central,2025-04-19 13:25:28,50.0,49.0,264444.0,441.5,1.0,4,2025,1,1,44150.0,29351.0,214
778000.0,HDB 5-Room,Ang Mo Kio,1979.0,608.0,1280.0,Ang Mo Kio Avenue 10,3,2,"Bishan, Ang Mo Kio",Central,2025-04-19 13:25:28,46.0,53.0,259333.33333333334,426.6666666666667,1.5,4,2025,1,1,58880.0,32224.0,552
880000.0,HDB 4-Room,Bishan,1991.0,757.0,1162.0,Bishan Street 24,3,2,"Bishan, Ang Mo Kio",Central,2025-04-19 13:25:28,34.0,65.0,293333.3333333333,387.3333333333333,1.5,4,2025,1,1,39508.0,49205.0,286
449000.0,HDB 3-Room,Ang Mo Kio,1980.0,613.0,732.0,Ang Mo Kio Avenue 5,2,2,"Bishan, Ang Mo Kio",Central,2025-04-19 13:25:28,45.0,54.0,224500.0,366.0,1.0,4,2025,1,1,32940.0,33102.0,151
499000.0,HDB 3-Room,Ang Mo Kio,1979.0,682.0,732.0,Ang Mo Kio Avenue 9,2,2,"Bishan, Ang Mo Kio",Central,2025-04-19 13:25:28,46.0,53.0,249500.0,366.0,1.0,4,2025,1,1,33672.0,36146.0,621
438000.0,HDB 3-Room,Ang Mo Kio,1979.0,598.0,732.0,Ang Mo Kio Avenue 10,2,2,"Bishan, Ang Mo Kio",Central,2025-04-19 13:25:28,46.0,53.0,219000.0,366.0,1.0,4,2025,1,1,33672.0,31694.0,541
788000.0,HDB 4-Room,Bishan,1991.0,704.0,1119.0,Bishan Street 24,3,2,"Bishan, Ang Mo Kio",Central,2025-04-19 13:25:28,34.0,65.0,262666.6666666667,373.0,1.5,4,2025,1,1,38046.0,45760.0,268
998000.0,HDB 5-Room,Bishan,1987.0,767.0,1302.0,Bishan Street 13,3,2,"Bishan, Ang Mo Kio",Central,2025-04-19 13:25:28,38.0,61.0,332666.6666666667,434.0,1.5,4,2025,1,1,49476.0,46787.0,165
585000.0,HDB 3-Room,Bishan,1984.0,799.0,732.0,Shunfu Road,2,2,"Bishan, Ang Mo Kio",Central,2025-04-19 13:25:28,41.0,58.0,292500.0,366.0,1.0,4,2025,1,1,30012.0,46342.0,308
1020000.0,HDB 5-Room,Bishan,1986.0,783.0,1302.0,Bishan Street 12,3,2,"Bishan, Ang Mo Kio",Central,2025-04-19 13:25:28,39.0,60.0,340000.0,434.0,1.5,4,2025,1,1,50778.0,46980.0,128
460000.0,HDB 3-Room,Ang Mo Kio,1977.0,585.0,786.0,Ang Mo Kio Avenue 3,2,2,"Bishan, Ang Mo Kio",Central,2025-04-19 13:25:28,48.0,51.0,230000.0,393.0,1.0,4,2025,1,1,37728.0,29835.0,346
1088888.0,HDB 5-Room,Bishan,1987.0,822.0,1324.0,Bishan Street 12,3,2,"Bishan, Ang Mo Kio",Central,2025-04-19 13:25:28,38.0,61.0,362962.6666666667,441.3333333333333,1.5,4,2025,1,1,50312.0,50142.0,144
1080000.0,HDB 5-Room,Bukit Timah,1988.0,823.0,1313.0,Toh Yi Drive,3,2,"Upper Bukit Timah, Clementi Park, Ulu Pandan",West,2025-04-19 13:25:28,37.0,62.0,360000.0,437.6666666666667,1.5,4,2025,0,1,48581.0,51026.0,11
1150000.0,HDB 4-Room,Bukit Timah,1988.0,1028.0,1119.0,Toh Yi Drive,3,2,"Upper Bukit Timah, Clementi Park, Ulu Pandan",West,2025-04-19 13:25:28,37.0,62.0,383333.3333333333,373.0,1.5,4,2025,0,1,41403.0,63736.0,9
1300000.0,HDB 5-Room,Bukit Timah,1988.0,990.0,1313.0,Toh Yi Drive,4,2,"Upper Bukit Timah, Clementi Park, Ulu Pandan",West,2025-04-19 13:25:28,37.0,62.0,325000.0,328.25,2.0,4,2025,0,1,48581.0,61380.0,17
1190000.0,HDB 5-Room,Bukit Timah,1988.0,864.0,1378.0,Toh Yi Drive,4,2,"Upper Bukit Timah, Clementi Park, Ulu Pandan",West,2025-04-19 13:25:28,37.0,62.0,297500.0,344.5,2.0,4,2025,0,1,50986.0,53568.0,17
1299000.0,HDB 5-Room,Bukit Timah,1988.0,989.0,1313.0,Toh Yi Drive,4,2,"Upper Bukit Timah, Clementi Park, Ulu Pandan",West,2025-04-19 13:25:28,37.0,62.0,324750.0,328.25,2.0,4,2025,0,1,48581.0,61318.0,4
1180000.0,HDB 5-Room,Bukit Timah,1988.0,857.0,1377.0,Toh Yi Drive,3,2,"Upper Bukit Timah, Clementi Park, Ulu Pandan",West,2025-04-19 13:25:28,37.0,62.0,393333.3333333333,459.0,1.5,4,2025,0,1,50949.0,53134.0,17
1190000.0,HDB 5-Room,Bukit Timah,1987.0,906.0,1313.0,Toh Yi Drive,4,2,"Upper Bukit Timah, Clementi Park, Ulu Pandan",West,2025-04-19 13:25:28,38.0,61.0,297500.0,328.25,2.0,4,2025,0,1,49894.0,55266.0,14
1490000.0,HDB Exec Maisonette,Bukit Timah,1989.0,948.0,1571.0,Toh Yi Drive,4,3,"Upper Bukit Timah, Clementi Park, Ulu Pandan",West,2025-04-19 13:25:28,36.0,63.0,372500.0,392.75,1.3333333333333333,4,2025,0,1,56556.0,59724.0,7
1250000.0,HDB 5-Room,Bukit Timah,1988.0,906.0,1379.0,Toh Yi Drive,4,2,"Upper Bukit Timah, Clementi Park, Ulu Pandan",West,2025-04-19 13:25:28,37.0,62.0,312500.0,344.75,2.0,4,2025,0,1,51023.0,56172.0,17
1280000.0,HDB Exec Apartment,Bukit Timah,1989.0,838.0,1528.0,Toh Yi Drive,5,2,"Upper Bukit Timah, Clementi Park, Ulu Pandan",West,2025-04-19 13:25:28,36.0,63.0,256000.0,305.6,2.5,4,2025,0,1,55008.0,52794.0,7
1250000.0,HDB 5-Room,Bukit Timah,1988.0,908.0,1377.0,Toh Yi Drive,4,2,"Upper Bukit Timah, Clementi Park, Ulu Pandan",West,2025-04-19 13:25:28,37.0,62.0,312500.0,344.25,2.0,4,2025,0,1,50949.0,56296.0,17
1320000.0,HDB Exec Maisonette,Bukit Timah,1987.0,840.0,1571.0,Toh Yi Drive,4,3,"Upper Bukit Timah, Clementi Park, Ulu Pandan",West,2025-04-19 13:25:28,38.0,61.0,330000.0,392.75,1.3333333333333333,4,2025,0,1,59698.0,51240.0,15
1280000.0,HDB Exec Apartment,Bukit Timah,1989.0,815.0,1571.0,Toh Yi Drive,4,2,"Upper Bukit Timah, Clementi Park, Ulu Pandan",West,2025-04-19 13:25:28,36.0,63.0,320000.0,392.75,2.0,4,2025,0,1,56556.0,51345.0,7
1250000.0,HDB 5-Room,Bukit Timah,1988.0,907.0,1378.0,Toh Yi Drive,4,2,"Upper Bukit Timah, Clementi Park, Ulu Pandan",West,2025-04-19 13:25:28,37.0,62.0,312500.0,344.5,2.0,4,2025,0,1,50986.0,56234.0,17
1280000.0,HDB 5-Room,Bukit Timah,1988.0,928.0,1380.0,Toh Yi Drive,4,2,"Upper Bukit Timah, Clementi Park, Ulu Pandan",West,2025-04-19 13:25:28,37.0,62.0,320000.0,345.0,2.0,4,2025,0,1,51060.0,57536.0,17
1250000.0,HDB 5-Room,Bukit Timah,1988.0,908.0,1376.0,Toh Yi Drive,4,2,"Upper Bukit Timah, Clementi Park, Ulu Pandan",West,2025-04-19 13:25:28,37.0,62.0,312500.0,344.0,2.0,4,2025,0,1,50912.0,56296.0,17
598888.0,HDB 5-Room,Jurong West,1994.0,449.0,1334.0,Jurong West Street 81,3,2,Jurong,West,2025-04-19 13:25:28,31.0,68.0,199629.33333333334,444.6666666666667,1.5,4,2025,0,0,41354.0,30532.0,854
698888.0,HDB Exec Apartment,Jurong West,1988.0,461.0,1517.0,Jurong West Street 91,3,2,Jurong,West,2025-04-19 13:25:28,37.0,62.0,232962.66666666666,505.6666666666667,1.5,4,2025,0,0,56129.0,28582.0,906
680888.0,HDB 4-Room,Jurong East,1997.0,630.0,1080.0,Toh Guan Road,3,2,Jurong,West,2025-04-19 13:25:28,28.0,71.0,226962.66666666666,360.0,1.5,4,2025,0,0,30240.0,44730.0,279
760000.0,HDB 5-Room,Jurong East,1982.0,574.0,1324.0,Jurong East Street 21,3,2,Jurong,West,2025-04-19 13:25:28,43.0,56.0,253333.33333333334,441.3333333333333,1.5,4,2025,0,0,56932.0,32144.0,204
660000.0,HDB 4-Room,Jurong West,1997.0,620.0,1065.0,Jurong West Central 1,3,2,Jurong,West,2025-04-19 13:25:28,28.0,71.0,220000.0,355.0,1.5,4,2025,0,0,29820.0,44020.0,687
608888.0,HDB 4-Room,Jurong East,2001.0,623.0,978.0,Teban Gardens Road,3,2,Jurong,West,2025-04-19 13:25:28,24.0,75.0,202962.66666666666,326.0,1.5,4,2025,0,0,23472.0,46725.0,65
600000.0,HDB 4-Room,Jurong West,1995.0,526.0,1141.0,Jurong West Street 74,3,2,Jurong,West,2025-04-19 13:25:28,30.0,69.0,200000.0,380.3333333333333,1.5,4,2025,0,0,34230.0,36294.0,765
698888.0,HDB 5-Room,Jurong West,1999.0,585.0,1195.0,Jurong West Street 64,3,2,Jurong,West,2025-04-19 13:25:28,26.0,73.0,232962.66666666666,398.3333333333333,1.5,4,2025,0,0,31070.0,42705.0,683C
650000.0,HDB 4PA (Premium Apartment),Jurong West,1996.0,570.0,1141.0,Jurong West Central 1,3,2,Jurong,West,2025-04-19 13:25:28,29.0,70.0,216666.66666666666,380.3333333333333,1.5,4,2025,0,0,33089.0,39900.0,693
368000.0,HDB 3-Room,Jurong West,1975.0,503.0,731.0,Boon Lay Avenue,2,2,Jurong,West,2025-04-19 13:25:28,50.0,49.0,184000.0,365.5,1.0,4,2025,0,0,36550.0,24647.0,187
530000.0,HDB 4-Room,Jurong West,1988.0,478.0,1108.0,Jurong West Street 91,3,2,Jurong,West,2025-04-19 13:25:28,37.0,62.0,176666.66666666666,369.3333333333333,1.5,4,2025,0,0,40996.0,29636.0,946
938000.0,HDB Exec Maisonette,Jurong West,1995.0,577.0,1625.0,Yung Ping Road,4,3,Jurong,West,2025-04-19 13:25:28,30.0,69.0,234500.0,406.25,1.3333333333333333,4,2025,0,0,48750.0,39813.0,163
588000.0,HDB 4-Room,Jurong West,2013.0,594.0,990.0,Boon Lay Avenue,3,2,Jurong,West,2025-04-19 13:25:28,12.0,87.0,196000.0,330.0,1.5,4,2025,0,0,11880.0,51678.0,183A
575000.0,HDB 5-Room,Jurong West,1994.0,435.0,1323.0,Jurong West Street 81,4,2,Jurong,West,2025-04-19 13:25:28,31.0,68.0,143750.0,330.75,2.0,4,2025,0,0,41013.0,29580.0,863
420888.0,HDB 3-Room,Jurong East,1983.0,529.0,795.0,Jurong East Street 32,2,2,Jurong,West,2025-04-19 13:25:28,42.0,57.0,210444.0,397.5,1.0,4,2025,0,0,33390.0,30153.0,313
740000.0,HDB 5-Room,Jurong West,1999.0,614.0,1205.0,Jurong West Street 65,3,2,Jurong,West,2025-04-19 13:25:28,26.0,73.0,246666.66666666666,401.6666666666667,1.5,4,2025,0,0,31330.0,44822.0,658A
740000.0,HDB 5-Room,Jurong East,1982.0,573.0,1292.0,Jurong East Street 13,3,2,Jurong,West,2025-04-19 13:25:28,43.0,56.0,246666.66666666666,430.6666666666667,1.5,4,2025,0,0,55556.0,32088.0,103
700000.0,HDB 5-Room,Jurong West,1995.0,538.0,1302.0,Kang Ching Road,4,2,Jurong,West,2025-04-19 13:25:28,30.0,69.0,175000.0,325.5,2.0,4,2025,0,0,39060.0,37122.0,346
595000.0,HDB 5PA (Premium Apartment),Jurong West,2002.0,5174.0,115.0,Jurong West Street 24,3,2,Jurong,West,2025-04-19 13:25:28,23.0,76.0,198333.33333333334,38.333333333333336,1.5,4,2025,0,0,2645.0,393224.0,272D
745000.0,HDB Exec Apartment,Jurong West,1998.0,533.0,1399.0,Jurong West Street 64,4,2,Jurong,West,2025-04-19 13:25:28,27.0,72.0,186250.0,349.75,2.0,4,2025,0,0,37773.0,38376.0,669D
768888.0,HDB 5-Room,Bukit Panjang,2000.0,643.0,1195.0,Bukit Panjang Ring Road,3,2,"Hillview, Dairy Farm, Bukit Panjang, Choa Chu Kang",North,2025-04-19 13:25:28,25.0,74.0,256296.0,398.3333333333333,1.5,4,2025,0,0,29875.0,47582.0,611
650000.0,HDB 4PA (Premium Apartment),Bukit Panjang,2014.0,649.0,1001.0,Segar Road,2,2,"Hillview, Dairy Farm, Bukit Panjang, Choa Chu Kang",North,2025-04-19 13:25:28,11.0,88.0,325000.0,500.5,1.0,4,2025,0,0,11011.0,57112.0,461
428888.0,HDB 3-Room,Bukit Batok,1983.0,586.0,732.0,Bukit Batok West Avenue 6,2,2,"Hillview, Dairy Farm, Bukit Panjang, Choa Chu Kang",North,2025-04-19 13:25:28,42.0,57.0,214444.0,366.0,1.0,4,2025,0,0,30744.0,33402.0,135
638888.0,HDB 5-Room,Bukit Batok,2004.0,503.0,1270.0,Bukit Batok West Avenue 5,4,2,"Hillview, Dairy Farm, Bukit Panjang, Choa Chu Kang",North,2025-04-19 13:25:28,21.0,78.0,159722.0,317.5,2.0,4,2025,0,0,26670.0,39234.0,389
548888.0,HDB 4-Room,Bukit Batok,1983.0,548.0,1001.0,Bukit Batok West Avenue 6,3,2,"Hillview, Dairy Farm, Bukit Panjang, Choa Chu Kang",North,2025-04-19 13:25:28,42.0,57.0,182962.66666666666,333.6666666666667,1.5,4,2025,0,0,42042.0,31236.0,135
595000.0,HDB 4-Room,Bukit Batok,1996.0,537.0,1108.0,Bukit Batok East Avenue 3,3,2,"Hillview, Dairy Farm, Bukit Panjang, Choa Chu Kang",North,2025-04-19 13:25:28,29.0,70.0,198333.33333333334,369.3333333333333,1.5,4,2025,0,0,32132.0,37590.0,290D
699999.0,HDB 5-Room,Choa Chu Kang,1998.0,524.0,1335.0,Choa Chu Kang Crescent,4,2,"Hillview, Dairy Farm, Bukit Panjang, Choa Chu Kang",North,2025-04-19 13:25:28,27.0,72.0,174999.75,333.75,2.0,4,2025,0,0,36045.0,37728.0,664
499000.0,HDB 3-Room,Bukit Panjang,1987.0,635.0,786.0,Petir Road,2,2,"Hillview, Dairy Farm, Bukit Panjang, Choa Chu Kang",North,2025-04-19 13:25:28,38.0,61.0,249500.0,393.0,1.0,4,2025,0,0,29868.0,38735.0,219
630000.0,HDB 4-Room,Bukit Batok,1985.0,569.0,1108.0,Bukit Batok West Avenue 4,3,2,"Hillview, Dairy Farm, Bukit Panjang, Choa Chu Kang",North,2025-04-19 13:25:28,40.0,59.0,210000.0,369.3333333333333,1.5,4,2025,0,0,44320.0,33571.0,416
618000.0,HDB 4-Room,Choa Chu Kang,1997.0,552.0,1119.0,Choa Chu Kang Crescent,3,2,"Hillview, Dairy Farm, Bukit Panjang, Choa Chu Kang",North,2025-04-19 13:25:28,28.0,71.0,206000.0,373.0,1.5,4,2025,0,0,31332.0,39192.0,670A
1000000.0,HDB 5PA (Premium Apartment),Bukit Batok,2017.0,808.0,1238.0,Bukit Batok Street 22,3,2,"Hillview, Dairy Farm, Bukit Panjang, Choa Chu Kang",North,2025-04-19 13:25:28,8.0,91.0,333333.3333333333,412.6666666666667,1.5,4,2025,0,0,9904.0,73528.0,296C
850000.0,HDB 4-Room,Bukit Panjang,2001.0,867.0,980.0,Jelebu Road,3,2,"Hillview, Dairy Farm, Bukit Panjang, Choa Chu Kang",North,2025-04-19 13:25:28,24.0,75.0,283333.3333333333,326.6666666666667,1.5,4,2025,0,0,23520.0,65025.0,182
528000.0,HDB 3-Room,Bukit Panjang,2014.0,732.0,721.0,Segar Road,2,2,"Hillview, Dairy Farm, Bukit Panjang, Choa Chu Kang",North,2025-04-19 13:25:28,11.0,88.0,264000.0,360.5,1.0,4,2025,0,0,7931.0,64416.0,548B
700000.0,HDB 5-Room,Choa Chu Kang,1994.0,496.0,1410.0,Choa Chu Kang Street 62,4,2,"Hillview, Dairy Farm, Bukit Panjang, Choa Chu Kang",North,2025-04-19 13:25:28,31.0,68.0,175000.0,352.5,2.0,4,2025,0,0,43710.0,33728.0,613
820000.0,HDB Exec Apartment,Bukit Panjang,1997.0,533.0,1539.0,Jelapang Road,4,2,"Hillview, Dairy Farm, Bukit Panjang, Choa Chu Kang",North,2025-04-19 13:25:28,28.0,71.0,205000.0,384.75,2.0,4,2025,0,0,43092.0,37843.0,519
398888.0,HDB 2-Room,Bukit Panjang,2013.0,788.0,506.0,Segar Road,1,1,"Hillview, Dairy Farm, Bukit Panjang, Choa Chu Kang",North,2025-04-19 13:25:28,12.0,87.0,398888.0,506.0,1.0,4,2025,0,0,6072.0,68556.0,488
599000.0,HDB 4-Room,Bukit Panjang,1997.0,551.0,1087.0,Jelapang Road,3,2,"Hillview, Dairy Farm, Bukit Panjang, Choa Chu Kang",North,2025-04-19 13:25:28,28.0,71.0,199666.66666666666,362.3333333333333,1.5,4,2025,0,0,30436.0,39121.0,501
599000.0,HDB 4-Room,Bukit Batok,1984.0,525.0,1141.0,Bukit Batok West Avenue 6,3,2,"Hillview, Dairy Farm, Bukit Panjang, Choa Chu Kang",North,2025-04-19 13:25:28,41.0,58.0,199666.66666666666,380.3333333333333,1.5,4,2025,0,0,46781.0,30450.0,112
578000.0,HDB 4-Room,Choa Chu Kang,1993.0,497.0,1162.0,Choa Chu Kang Street 51,3,2,"Hillview, Dairy Farm, Bukit Panjang, Choa Chu Kang",North,2025-04-19 13:25:28,32.0,67.0,192666.66666666666,387.3333333333333,1.5,4,2025,0,0,37184.0,33299.0,504
386000.0,HDB 3-Room,Woodlands,1975.0,551.0,700.0,Marsiling Lane,3,2,"Kranji, Woodgrove",North,2025-04-19 13:25:28,50.0,49.0,128666.66666666667,233.33333333333334,1.5,4,2025,0,0,35000.0,26999.0,15
980000.0,HDB Exec Maisonette,Woodlands,1995.0,619.0,1582.0,Woodlands Street 83,4,3,"Kranji, Woodgrove",North,2025-04-19 13:25:28,30.0,69.0,245000.0,395.5,1.3333333333333333,4,2025,0,0,47460.0,42711.0,865
1299000.0,HDB Exec Apartment,Woodlands,1985.0,682.0,1905.0,Woodlands Street 82,4,2,"Kranji, Woodgrove",North,2025-04-19 13:25:28,40.0,59.0,324750.0,476.25,2.0,4,2025,0,0,76200.0,40238.0,821
588000.0,HDB 4-Room,Woodlands,1997.0,541.0,1087.0,Woodlands Ring Road,3,2,"Kranji, Woodgrove",North,2025-04-19 13:25:28,28.0,71.0,196000.0,362.3333333333333,1.5,4,2025,0,0,30436.0,38411.0,606
630000.0,HDB 4-Room,Woodlands,2017.0,629.0,1001.0,Woodlands Rise,3,2,"Kranji, Woodgrove",North,2025-04-19 13:25:28,8.0,91.0,210000.0,333.6666666666667,1.5,4,2025,0,0,8008.0,57239.0,785C
808000.0,HDB Exec Maisonette,Woodlands,1986.0,514.0,1571.0,Woodlands Street 82,4,3,"Kranji, Woodgrove",North,2025-04-19 13:25:28,39.0,60.0,202000.0,392.75,1.3333333333333333,4,2025,0,0,61269.0,30840.0,817
680000.0,HDB 5-Room,Woodlands,1985.0,518.0,1313.0,Woodlands Street 32,3,2,"Kranji, Woodgrove",North,2025-04-19 13:25:28,40.0,59.0,226666.66666666666,437.6666666666667,1.5,4,2025,0,0,52520.0,30562.0,344
530000.0,HDB 4-Room,Woodlands,1995.0,541.0,980.0,Woodlands Drive 42,3,2,"Kranji, Woodgrove",North,2025-04-19 13:25:28,30.0,69.0,176666.66666666666,326.6666666666667,1.5,4,2025,0,0,29400.0,37329.0,601
500000.0,HDB 4-Room,Woodlands,1984.0,510.0,980.0,Woodlands Street 11,3,2,"Kranji, Woodgrove",North,2025-04-19 13:25:28,41.0,58.0,166666.66666666666,326.6666666666667,1.5,4,2025,0,0,40180.0,29580.0,171
580000.0,HDB 4-Room,Woodlands,1995.0,528.0,1098.0,Woodlands Drive 70,3,2,"Kranji, Woodgrove",North,2025-04-19 13:25:28,30.0,69.0,193333.33333333334,366.0,1.5,4,2025,0,0,32940.0,36432.0,709
598000.0,HDB 4-Room,Woodlands,1996.0,550.0,1087.0,Woodlands Circle,3,2,"Kranji, Woodgrove",North,2025-04-19 13:25:28,29.0,70.0,199333.33333333334,362.3333333333333,1.5,4,2025,0,0,31523.0,38500.0,721
788000.0,HDB 5-Room,Woodlands,1998.0,666.0,1184.0,Woodlands Drive 71,3,2,"Kranji, Woodgrove",North,2025-04-19 13:25:28,27.0,72.0,262666.6666666667,394.6666666666667,1.5,4,2025,0,0,31968.0,47952.0,673
595000.0,HDB 4-Room,Woodlands,1995.0,548.0,1086.0,Woodlands Drive 70,3,2,"Kranji, Woodgrove",North,2025-04-19 13:25:28,30.0,69.0,198333.33333333334,362.0,1.5,4,2025,0,0,32580.0,37812.0,715
735000.0,HDB 5PA (Premium Apartment),Woodlands,1997.0,546.0,1345.0,Woodlands Drive 14,3,2,"Kranji, Woodgrove",North,2025-04-19 13:25:28,28.0,71.0,245000.0,448.3333333333333,1.5,4,2025,0,0,37660.0,38766.0,530
698000.0,HDB 5-Room,Woodlands,1998.0,564.0,1238.0,Woodlands Drive 16,3,2,"Kranji, Woodgrove",North,2025-04-19 13:25:28,27.0,72.0,232666.66666666666,412.6666666666667,1.5,4,2025,0,0,33426.0,40608.0,542
950000.0,HDB Exec Maisonette,Woodlands,1986.0,585.0,1625.0,Woodlands Street 82,4,3,"Kranji, Woodgrove",North,2025-04-19 13:25:28,39.0,60.0,237500.0,406.25,1.3333333333333333,4,2025,0,0,63375.0,35100.0,837
535000.0,HDB 4-Room,Woodlands,1996.0,487.0,1098.0,Woodlands Avenue 4,3,2,"Kranji, Woodgrove",North,2025-04-19 13:25:28,29.0,70.0,178333.33333333334,366.0,1.5,4,2025,0,0,31842.0,34090.0,750
510000.0,HDB 3PA (Premium Apartment),Woodlands,2013.0,707.0,721.0,Woodlands Drive 50,2,2,"Kranji, Woodgrove",North,2025-04-19 13:25:28,12.0,87.0,255000.0,360.5,1.0,4,2025,0,0,8652.0,61509.0,886A
680000.0,HDB 5-Room,Woodlands,1995.0,535.0,1270.0,Woodlands Drive 40,3,2,"Kranji, Woodgrove",North,2025-04-19 13:25:28,30.0,69.0,226666.66666666666,423.3333333333333,1.5,4,2025,0,0,38100.0,36915.0,702
720000.0,HDB Exec Apartment,Sembawang,1999.0,515.0,1399.0,Sembawang Drive,4,2,"Yishun, Sembawang",North,2025-04-19 13:25:28,26.0,73.0,180000.0,349.75,2.0,4,2025,0,0,36374.0,37595.0,408
450000.0,HDB 3-Room,Yishun,1984.0,614.0,733.0,Yishun Street 11,2,2,"Yishun, Sembawang",North,2025-04-19 13:25:28,41.0,58.0,225000.0,366.5,1.0,4,2025,0,0,30053.0,35612.0,134
799999.0,HDB 5PA (Premium Apartment),Sembawang,2017.0,658.0,1216.0,Canberra Street,3,2,"Yishun, Sembawang",North,2025-04-19 13:25:28,8.0,91.0,266666.3333333333,405.3333333333333,1.5,4,2025,0,0,9728.0,59878.0,128C
800000.0,HDB 5-Room,Yishun,2017.0,658.0,1216.0,Yishun Ring Road,3,2,"Yishun, Sembawang",North,2025-04-19 13:25:28,8.0,91.0,266666.6666666667,405.3333333333333,1.5,4,2025,0,0,9728.0,59878.0,677B
748000.0,HDB Exec Apartment,Sembawang,1999.0,530.0,1410.0,Sembawang Close,4,2,"Yishun, Sembawang",North,2025-04-19 13:25:28,26.0,73.0,187000.0,352.5,2.0,4,2025,0,0,36660.0,38690.0,339A
550000.0,HDB 4-Room,Sembawang,1999.0,594.0,926.0,Admiralty Link,3,2,"Yishun, Sembawang",North,2025-04-19 13:25:28,26.0,73.0,183333.33333333334,308.6666666666667,1.5,4,2025,0,0,24076.0,43362.0,405
640000.0,HDB 4-Room,Sembawang,2019.0,639.0,1001.0,Canberra Street,3,2,"Yishun, Sembawang",North,2025-04-19 13:25:28,6.0,93.0,213333.33333333334,333.6666666666667,1.5,4,2025,0,0,6006.0,59427.0,101A
950000.0,HDB Exec Apartment,Sembawang,1997.0,630.0,1507.0,Canberra Road,4,2,"Yishun, Sembawang",North,2025-04-19 13:25:28,28.0,71.0,237500.0,376.75,2.0,4,2025,0,0,42196.0,44730.0,303
550000.0,HDB 4-Room,Sembawang,2000.0,562.0,979.0,Wellington Circle,3,2,"Yishun, Sembawang",North,2025-04-19 13:25:28,25.0,74.0,183333.33333333334,326.3333333333333,1.5,4,2025,0,0,24475.0,41588.0,507B
550000.0,HDB 4-Room,Yishun,1987.0,473.0,1162.0,Yishun Central,3,2,"Yishun, Sembawang",North,2025-04-19 13:25:28,38.0,61.0,183333.33333333334,387.3333333333333,1.5,4,2025,0,0,44156.0,28853.0,305
800000.0,HDB 5-Room,Sembawang,2019.0,641.0,1248.0,Canberra Street,3,2,"Yishun, Sembawang",North,2025-04-19 13:25:28,6.0,93.0,266666.6666666667,416.0,1.5,4,2025,0,0,7488.0,59613.0,126C
739999.0,HDB 5-Room,Sembawang,2017.0,609.0,1216.0,Canberra Street,3,2,"Yishun, Sembawang",North,2025-04-19 13:25:28,8.0,91.0,246666.33333333334,405.3333333333333,1.5,4,2025,0,0,9728.0,55419.0,128C
370000.0,HDB 2-Room,Sembawang,2018.0,717.0,516.0,Sembawang Crescent,1,1,"Yishun, Sembawang",North,2025-04-19 13:25:28,7.0,92.0,370000.0,516.0,1.0,4,2025,0,0,3612.0,65964.0,366A
750000.0,HDB 5-Room,27,2013.0,622.0,1206.0,336C Yishun Street 31,3,2,"Yishun, Sembawang",North,2025-04-19 13:25:28,12.0,87.0,250000.0,402.0,1.5,4,2025,0,0,14472.0,54114.0,336C
530000.0,HDB 4-Room,Yishun,1984.0,474.0,1119.0,Yishun Avenue 9,3,2,"Yishun, Sembawang",North,2025-04-19 13:25:28,41.0,58.0,176666.66666666666,373.0,1.5,4,2025,0,0,45879.0,27492.0,250
790000.0,HDB 5-Room,Yishun,2016.0,650.0,1216.0,Yishun Avenue 4,4,2,"Yishun, Sembawang",North,2025-04-19 13:25:28,9.0,90.0,197500.0,304.0,2.0,4,2025,0,0,10944.0,58500.0,508B
710000.0,HDB 5-Room,Sembawang,1997.0,536.0,1324.0,Sembawang Close,4,2,"Yishun, Sembawang",North,2025-04-19 13:25:28,28.0,71.0,177500.0,331.0,2.0,4,2025,0,0,37072.0,38056.0,323
550000.0,HDB 4-Room,Sembawang,1999.0,568.0,969.0,Admiralty Link,3,2,"Yishun, Sembawang",North,2025-04-19 13:25:28,26.0,73.0,183333.33333333334,323.0,1.5,4,2025,0,0,25194.0,41464.0,403
508000.0,HDB 3-Room,Sembawang,2019.0,738.0,688.0,Canberra Street,2,2,"Yishun, Sembawang",North,2025-04-19 13:25:28,6.0,93.0,254000.0,344.0,1.0,4,2025,0,0,4128.0,68634.0,103A
638000.0,HDB 4-Room,Sengkang,2002.0,624.0,1022.0,Fernvale Link,3,2,Seletar,North East,2025-04-19 13:25:28,23.0,76.0,212666.66666666666,340.6666666666667,1.5,4,2025,0,0,23506.0,47424.0,413B
680000.0,HDB 4-Room,Sengkang,2015.0,679.0,1001.0,Fernvale Link,3,2,Seletar,North East,2025-04-19 13:25:28,10.0,89.0,226666.66666666666,333.6666666666667,1.5,4,2025,0,0,10010.0,60431.0,470A
718000.0,HDB 5-Room,Sengkang,2003.0,585.0,1227.0,Fernvale Lane,3,2,Seletar,North East,2025-04-19 13:25:28,22.0,77.0,239333.33333333334,409.0,1.5,4,2025,0,0,26994.0,45045.0,404B
588000.0,HDB 4-Room,Sengkang,2013.0,594.0,990.0,Sengkang West Way,3,2,Seletar,North East,2025-04-19 13:25:28,12.0,87.0,196000.0,330.0,1.5,4,2025,0,0,11880.0,51678.0,452B
630000.0,HDB 4-Room,Sengkang,2002.0,616.0,1023.0,Fernvale Link,3,2,Seletar,North East,2025-04-19 13:25:28,23.0,76.0,210000.0,341.0,1.5,4,2025,0,0,23529.0,46816.0,413B
660000.0,HDB 4-Room,Sengkang,2015.0,659.0,1001.0,Fernvale Street,3,2,Seletar,North East,2025-04-19 13:25:28,10.0,89.0,220000.0,333.6666666666667,1.5,4,2025,0,0,10010.0,58651.0,471A
730000.0,HDB 4-Room,Sengkang,2010.0,729.0,1001.0,Fernvale Road,3,2,Seletar,North East,2025-04-19 13:25:28,15.0,84.0,243333.33333333334,333.6666666666667,1.5,4,2025,0,0,15015.0,61236.0,441D
710000.0,HDB 5PA (Premium Apartment),Sengkang,2003.0,579.0,1227.0,Fernvale Lane,3,2,Seletar,North East,2025-04-19 13:25:28,22.0,77.0,236666.66666666666,409.0,1.5,4,2025,0,0,26994.0,44583.0,403D
608000.0,HDB 4-Room,Sengkang,2014.0,614.0,990.0,Fernvale Road,3,2,Seletar,North East,2025-04-19 13:25:28,11.0,88.0,202666.66666666666,330.0,1.5,4,2025,0,0,10890.0,54032.0,453D
720000.0,HDB 4-Room,Sengkang,2011.0,697.0,1033.0,Fernvale Road,3,2,Seletar,North East,2025-04-19 13:25:28,14.0,85.0,240000.0,344.3333333333333,1.5,4,2025,0,0,14462.0,59245.0,411A
678000.0,HDB 4-Room,Sengkang,2010.0,663.0,1022.0,Fernvale Road,3,2,Seletar,North East,2025-04-19 13:25:28,15.0,84.0,226000.0,340.6666666666667,1.5,4,2025,0,0,15330.0,55692.0,443B
588000.0,HDB 3-Room,Sengkang,2019.0,803.0,732.0,Sengkang West Road,2,2,Seletar,North East,2025-04-19 13:25:28,6.0,93.0,294000.0,366.0,1.0,4,2025,0,0,4392.0,74679.0,457B
699999.0,HDB 4-Room,Sengkang,2009.0,692.0,1012.0,Sengkang West Avenue,3,2,Seletar,North East,2025-04-19 13:25:28,16.0,83.0,233333.0,337.3333333333333,1.5,4,2025,0,0,16192.0,57436.0,439B
658000.0,HDB 4-Room,Sengkang,2009.0,650.0,1012.0,Sengkang West Avenue,3,2,Seletar,North East,2025-04-19 13:25:28,16.0,83.0,219333.33333333334,337.3333333333333,1.5,4,2025,0,0,16192.0,53950.0,439C
610000.0,HDB 5-Room,Sengkang,2003.0,497.0,1227.0,Fernvale Lane,3,2,Seletar,North East,2025-04-19 13:25:28,22.0,77.0,203333.33333333334,409.0,1.5,4,2025,0,0,26994.0,38269.0,404B
558000.0,HDB 3-Room,Sengkang,2015.0,762.0,732.0,Fernvale Link,2,2,Seletar,North East,2025-04-19 13:25:28,10.0,89.0,279000.0,366.0,1.0,4,2025,0,0,7320.0,67818.0,470B
688000.0,HDB 4-Room,Sengkang,2015.0,687.0,1001.0,Fernvale Link,3,2,Seletar,North East,2025-04-19 13:25:28,10.0,89.0,229333.33333333334,333.6666666666667,1.5,4,2025,0,0,10010.0,61143.0,470B
730000.0,HDB 5-Room,Sengkang,2013.0,611.0,1195.0,Sengkang West Way,4,2,Seletar,North East,2025-04-19 13:25:28,12.0,87.0,182500.0,298.75,2.0,4,2025,0,0,14340.0,53157.0,451A
768000.0,HDB 5-Room,Sengkang,2013.0,643.0,1195.0,Sengkang West Way,3,2,Seletar,North East,2025-04-19 13:25:28,12.0,87.0,256000.0,398.3333333333333,1.5,4,2025,0,0,14340.0,55941.0,451A
