title,price,hdb_type,area,year,price_per_sqft,size_sqft,road_name,n_bedrooms,n_bathrooms,district,region,scraped_date
538 UPPER CROSS STREET,"S$ 620,000",HDB 3-Room,Central Area,1978,S$ 961 psf,645 sqft,Upper Cross Street,2 beds,1 bath,"Raffles Place, Cecil, Marina, People's Park",Central,2025-04-19 13:33:10
335A SMITH STREET,"S$ 560,000",HDB 3-Room,Central Area,1983,S$ 868 psf,645 sqft,Smith Street,2 beds,2 baths,"Raffles Place, Cecil, Marina, People's Park",Central,2025-04-19 13:33:10
538 UPPER CROSS STREET,"S$ 620,000",HDB 3-Room,Central Area,1978,S$ 960 psf,646 sqft,Upper Cross Street,2 beds,1 bath,"Raffles Place, Cecil, Marina, People's Park",Central,2025-04-19 13:33:10
533 UPPER CROSS STREET,"S$ 620,000",HDB 3-Room,Central Area,1979,S$ 895 psf,693 sqft,Upper Cross Street,2 beds,2 baths,"Raffles Place, Cecil, Marina, People's Park",Central,2025-04-19 13:33:10
335A SMITH STREET,"S$ 538,000",HDB 3-Room,Central Area,1983,S$ 834 psf,645 sqft,Smith Street,2 beds,2 baths,"Raffles Place, Cecil, Marina, People's Park",Central,2025-04-19 13:33:10
538 UPPER CROSS STREET,"S$ 620,000",HDB 3-Room,1,99 years,"S$ 9,688 psf",64 sqft,Upper Cross Street,2 beds,1 bath,"Raffles Place, Cecil, Marina, People's Park",Central,2025-04-19 13:33:10
34 UPPER CROSS STREET,"S$ 470,000",HDB 3-Room,Central Area,S$ 62 psf,"7,534 sqft",Upper Cross Street,,2 beds,2 baths,"Raffles Place, Cecil, Marina, People's Park",Central,2025-04-19 13:33:10
32 NEW MARKET ROAD,"S$ 450,000",HDB 2-Room,Central Area,1968,S$ 804 psf,560 sqft,New Market Road,2 beds,1 bath,"Raffles Place, Cecil, Marina, People's Park",Central,2025-04-19 13:33:10
6 EVERTON PARK,"S$ 990,000",HDB 5-Room,Bukit Merah,1965,S$ 667 psf,"1,485 sqft",Everton Park,4 beds,2 baths,"Anson, Tanjong Pagar",Central,2025-04-19 13:33:10
PINNACLE @ DUXTON,"S$ 1,280,000",HDB 4-Room,2,2009,"S$ 1,265 psf","1,012 sqft",1A Cantonment Road,3 beds,2 baths,"Anson, Tanjong Pagar",Central,2025-04-19 13:33:10
PINNACLE @ DUXTON,"S$ 1,465,000",HDB 5-Room,2,2009,"S$ 1,284 psf","1,141 sqft",1 Cantonment Road,3 beds,2 baths,"Anson, Tanjong Pagar",Central,2025-04-19 13:33:10
1 CANTONMENT ROAD,"S$ 1,450,000",HDB 4-Room,2,99 years,"S$ 1,449 psf","1,001 sqft",Cantonment Road,3 beds,2 baths,"Anson, Tanjong Pagar",Central,2025-04-19 13:33:10
PINNACLE @ DUXTON,"S$ 1,430,000",HDB 4PA (Premium Apartment),2,2009,"S$ 1,370 psf","1,044 sqft",1A Cantonment Road,3 beds,2 baths,"Anson, Tanjong Pagar",Central,2025-04-19 13:33:10
13 CANTONMENT CLOSE,"S$ 1,120,000",HDB 4-Room,Bukit Merah,2000,"S$ 1,156 psf",969 sqft,Cantonment Close,3 beds,2 baths,"Anson, Tanjong Pagar",Central,2025-04-19 13:33:10
2 TANJONG PAGAR PLAZA,"S$ 550,000",HDB 3-Room,Central Area,1976,S$ 866 psf,635 sqft,Tanjong Pagar Plaza,2 beds,1 bath,"Anson, Tanjong Pagar",Central,2025-04-19 13:33:10
PINNACLE @ DUXTON,"S$ 1,450,000",HDB 4-Room,2,2009,"S$ 1,449 psf","1,001 sqft",1A Cantonment Road,3 beds,2 baths,"Anson, Tanjong Pagar",Central,2025-04-19 13:33:10
PINNACLE @ DUXTON,"S$ 1,420,000",HDB 4-Room,2,2009,"S$ 1,419 psf","1,001 sqft",1A Cantonment Road,3 beds,2 baths,"Anson, Tanjong Pagar",Central,2025-04-19 13:33:10
4 EVERTON PARK,"S$ 988,000",HDB 5-Room,Bukit Merah,1965,"S$ 98,800 psf",10 sqft,Everton Park,3 beds,2 baths,"Anson, Tanjong Pagar",Central,2025-04-19 13:33:10
18 CANTONMENT CLOSE,"S$ 1,068,888",HDB 4-Room,Bukit Merah,2000,"S$ 1,103 psf",969 sqft,Cantonment Close,3 beds,2 baths,"Anson, Tanjong Pagar",Central,2025-04-19 13:33:10
2 TANJONG PAGAR PLAZA,"S$ 635,000",HDB 3-Room,Central Area,1976,S$ 843 psf,753 sqft,Tanjong Pagar Plaza,2 beds,2 baths,"Anson, Tanjong Pagar",Central,2025-04-19 13:33:10
11 CANTONMENT CLOSE,"S$ 1,130,000",HDB 4-Room,Bukit Merah,2000,"S$ 1,167 psf",968 sqft,Cantonment Close,3 beds,2 baths,"Anson, Tanjong Pagar",Central,2025-04-19 13:33:10
PINNACLE @ DUXTON,"S$ 1,450,000",HDB 4-Room,2,2009,"S$ 1,433 psf","1,012 sqft",1A Cantonment Road,3 beds,2 baths,"Anson, Tanjong Pagar",Central,2025-04-19 13:33:10
1A CANTONMENT ROAD,"S$ 1,450,000",HDB 4-Room,Central Area,2009,"S$ 1,404 psf","1,033 sqft",Cantonment Road,3 beds,2 baths,"Anson, Tanjong Pagar",Central,2025-04-19 13:33:10
PINNACLE @ DUXTON,"S$ 1,450,000",HDB 4-Room,2,2009,"S$ 1,404 psf","1,033 sqft",1A Cantonment Road,3 beds,2 baths,"Anson, Tanjong Pagar",Central,2025-04-19 13:33:10
7 TANJONG PAGAR PLAZA,"S$ 880,000",HDB 4-Room,Central Area,1979,S$ 985 psf,893 sqft,Tanjong Pagar Plaza,3 beds,2 baths,"Anson, Tanjong Pagar",Central,2025-04-19 13:33:10
17 CANTONMENT CLOSE,"S$ 1,080,000",HDB 4-Room,Bukit Merah,2000,"S$ 1,115 psf",969 sqft,Cantonment Close,3 beds,2 baths,"Anson, Tanjong Pagar",Central,2025-04-19 13:33:10
3 TANJONG PAGAR PLAZA,"S$ 565,000",HDB 3-Room,Central Area,1976,S$ 890 psf,635 sqft,Tanjong Pagar Plaza,2 beds,2 baths,"Anson, Tanjong Pagar",Central,2025-04-19 13:33:10
110 SPOTTISWOODE PARK ROAD,"S$ 900,000",HDB 5-Room,Bukit Merah,1977,S$ 680 psf,"1,323 sqft",Spottiswoode Park Road,3 beds,2 baths,"Anson, Tanjong Pagar",Central,2025-04-19 13:33:10
61C STRATHMORE AVENUE,"S$ 800,000",HDB 3-Room,Queenstown,2010,"S$ 1,077 psf",743 sqft,Strathmore Avenue,2 beds,2 baths,"Queenstown, Tiong Bahru",Central,2025-04-19 13:33:10
95 HAVELOCK ROAD,"S$ 1,100,000",HDB 5-Room,Bukit Merah,1982,S$ 866 psf,"1,270 sqft",Havelock Road,3 beds,2 baths,"Queenstown, Tiong Bahru",Central,2025-04-19 13:33:10
87 ZION ROAD,"S$ 1,158,000",HDB 5-Room,Bukit Merah,1974,S$ 944 psf,"1,227 sqft",Zion Road,3 beds,2 baths,"Queenstown, Tiong Bahru",Central,2025-04-19 13:33:10
48 STRATHMORE AVENUE,"S$ 1,088,000",HDB 4-Room,Queenstown,2005,"S$ 1,124 psf",968 sqft,Strathmore Avenue,3 beds,2 baths,"Queenstown, Tiong Bahru",Central,2025-04-19 13:33:10
46 LENGKOK BAHRU,"S$ 720,000",HDB 4-Room,Bukit Merah,1983,S$ 650 psf,"1,108 sqft",Lengkok Bahru,3 beds,2 baths,"Queenstown, Tiong Bahru",Central,2025-04-19 13:33:10
88 DAWSON ROAD,"S$ 1,080,000",HDB 4PA (Premium Apartment),Queenstown,2015,"S$ 1,209 psf",893 sqft,Dawson Road,3 beds,2 baths,"Queenstown, Tiong Bahru",Central,2025-04-19 13:33:10
88 DAWSON ROAD,"S$ 1,180,000",HDB 4PA (Premium Apartment),Queenstown,2015,"S$ 1,321 psf",893 sqft,Dawson Road,3 beds,2 baths,"Queenstown, Tiong Bahru",Central,2025-04-19 13:33:10
75B REDHILL ROAD,"S$ 1,230,000",HDB 5-Room,Bukit Merah,2005,S$ 994 psf,"1,238 sqft",Redhill Road,3 beds,2 baths,"Queenstown, Tiong Bahru",Central,2025-04-19 13:33:10
45 KIM CHENG STREET,"S$ 776,000",HDB 3-Room,Bukit Merah,1949,S$ 819 psf,947 sqft,Kim Cheng Street,2 beds,1 bath,"Queenstown, Tiong Bahru",Central,2025-04-19 13:33:10
95 HAVELOCK ROAD,"S$ 1,100,000",HDB 5-Room,Bukit Merah,1982,S$ 866 psf,"1,270 sqft",Havelock Road,3 beds,2 baths,"Queenstown, Tiong Bahru",Central,2025-04-19 13:33:10
148 MEI LING STREET,"S$ 1,200,000",HDB Exec Apartment,Queenstown,1994,S$ 743 psf,"1,614 sqft",Mei Ling Street,4 beds,2 baths,"Queenstown, Tiong Bahru",Central,2025-04-19 13:33:10
96A HENDERSON ROAD,"S$ 1,450,000",HDB 5-Room,Bukit Merah,2018,"S$ 1,192 psf","1,216 sqft",Henderson Road,3 beds,2 baths,"Queenstown, Tiong Bahru",Central,2025-04-19 13:33:10
86 DAWSON ROAD,"S$ 1,058,000",HDB 4-Room,Queenstown,2015,"S$ 1,185 psf",893 sqft,Dawson Road,3 beds,2 baths,"Queenstown, Tiong Bahru",Central,2025-04-19 13:33:10
95 COMMONWEALTH DRIVE,"S$ 390,000",HDB 3-Room,Queenstown,1964,S$ 533 psf,732 sqft,Commonwealth Drive,2 beds,1 bath,"Queenstown, Tiong Bahru",Central,2025-04-19 13:33:10
141 JALAN BUKIT MERAH,"S$ 420,000",HDB 3-Room,Bukit Merah,1978,S$ 583 psf,720 sqft,Jalan Bukit Merah,2 beds,2 baths,"Queenstown, Tiong Bahru",Central,2025-04-19 13:33:10
81 REDHILL LANE,"S$ 1,580,000",HDB 5-Room,3,"S$ 1,188 psf","1,330 sqft",REDHILL LANE,,4 beds,2 baths,"Queenstown, Tiong Bahru",Central,2025-04-19 13:33:10
36 MARGARET DRIVE,"S$ 1,468,000",HDB 4-Room,Queenstown,2021,"S$ 1,587 psf",925 sqft,Margaret Drive,3 beds,2 baths,"Queenstown, Tiong Bahru",Central,2025-04-19 13:33:10
40A MARGARET DRIVE,"S$ 1,725,000",HDB 5-Room,Queenstown,2021,"S$ 1,483 psf","1,163 sqft",Margaret Drive,3 beds,2 baths,"Queenstown, Tiong Bahru",Central,2025-04-19 13:33:10
43 LENGKOK BAHRU,"S$ 668,000",HDB 4-Room,Bukit Merah,1986,S$ 739 psf,904 sqft,Lengkok Bahru,3 beds,2 baths,"Queenstown, Tiong Bahru",Central,2025-04-19 13:33:10
53 HAVELOCK ROAD,"S$ 1,100,000",HDB 4-Room,Bukit Merah,2011,"S$ 1,087 psf","1,012 sqft",Havelock Road,3 beds,2 baths,"Queenstown, Tiong Bahru",Central,2025-04-19 13:33:10
111A DEPOT ROAD,"S$ 970,000",HDB 5-Room,Bukit Merah,2004,S$ 784 psf,"1,238 sqft",Depot Road,3 beds,2 baths,"Telok Blangah, Harbourfront",Central,2025-04-19 13:33:10
110 BUKIT PURMEI ROAD,"S$ 580,000",HDB 3-Room,Bukit Merah,1984,S$ 730 psf,794 sqft,Bukit Purmei Road,2 beds,2 baths,"Telok Blangah, Harbourfront",Central,2025-04-19 13:33:10
110A DEPOT ROAD,"S$ 958,888",HDB 4-Room,Bukit Merah,2016,S$ 969 psf,990 sqft,Depot Road,3 beds,2 baths,"Telok Blangah, Harbourfront",Central,2025-04-19 13:33:10
74 TELOK BLANGAH HEIGHTS,"S$ 880,000",HDB 5-Room,Bukit Merah,1977,S$ 699 psf,"1,259 sqft",Telok Blangah Heights,3 beds,2 baths,"Telok Blangah, Harbourfront",Central,2025-04-19 13:33:10
53 TELOK BLANGAH DRIVE,"S$ 790,000",HDB 5-Room,Bukit Merah,1977,S$ 612 psf,"1,291 sqft",Telok Blangah Drive,3 beds,2 baths,"Telok Blangah, Harbourfront",Central,2025-04-19 13:33:10
113 BUKIT PURMEI ROAD,"S$ 768,000",HDB 4-Room,Bukit Merah,1984,S$ 693 psf,"1,108 sqft",Bukit Purmei Road,3 beds,2 baths,"Telok Blangah, Harbourfront",Central,2025-04-19 13:33:10
80C TELOK BLANGAH STREET 31,"S$ 798,000",HDB 3PA (Premium Apartment),Bukit Merah,2011,"S$ 1,092 psf",731 sqft,Telok Blangah Street 31,2 beds,2 baths,"Telok Blangah, Harbourfront",Central,2025-04-19 13:33:10
103A DEPOT ROAD,"S$ 850,000",HDB 4-Room,Bukit Merah,1999,S$ 877 psf,969 sqft,Depot Road,3 beds,2 baths,"Telok Blangah, Harbourfront",Central,2025-04-19 13:33:10
70C TELOK BLANGAH HEIGHTS,"S$ 988,000",HDB 4-Room,Bukit Merah,2016,S$ 987 psf,"1,001 sqft",Telok Blangah Heights,3 beds,2 baths,"Telok Blangah, Harbourfront",Central,2025-04-19 13:33:10
34 TELOK BLANGAH WAY,"S$ 508,000",HDB 4-Room,Bukit Merah,1975,S$ 575 psf,883 sqft,Telok Blangah Way,3 beds,2 baths,"Telok Blangah, Harbourfront",Central,2025-04-19 13:33:10
17 TELOK BLANGAH CRESCENT,"S$ 840,000",HDB 4-Room,Bukit Merah,2000,S$ 773 psf,"1,086 sqft",Telok Blangah Crescent,3 beds,2 baths,"Telok Blangah, Harbourfront",Central,2025-04-19 13:33:10
90B TELOK BLANGAH STREET 31,"S$ 1,058,888",HDB 4-Room,Bukit Merah,2017,"S$ 1,058 psf","1,001 sqft",Telok Blangah Street 31,3 beds,2 baths,"Telok Blangah, Harbourfront",Central,2025-04-19 13:33:10
53 TELOK BLANGAH DRIVE,"S$ 860,000",HDB 5-Room,Bukit Merah,1977,S$ 677 psf,"1,270 sqft",Telok Blangah Drive,3 beds,2 baths,"Telok Blangah, Harbourfront",Central,2025-04-19 13:33:10
92A TELOK BLANGAH STREET 31,"S$ 800,000",HDB 3-Room,Bukit Merah,2017,"S$ 1,093 psf",732 sqft,Telok Blangah Street 31,2 beds,2 baths,"Telok Blangah, Harbourfront",Central,2025-04-19 13:33:10
42 TELOK BLANGAH RISE,"S$ 418,000",HDB 3-Room,Bukit Merah,1975,S$ 555 psf,753 sqft,Telok Blangah Rise,2 beds,2 baths,"Telok Blangah, Harbourfront",Central,2025-04-19 13:33:10
113 BUKIT PURMEI ROAD,"S$ 768,000",HDB 4-Room,Bukit Merah,1984,S$ 693 psf,"1,109 sqft",Bukit Purmei Road,3 beds,2 baths,"Telok Blangah, Harbourfront",Central,2025-04-19 13:33:10
102 BUKIT PURMEI ROAD,"S$ 528,000",HDB 3-Room,Bukit Merah,1983,S$ 673 psf,785 sqft,Bukit Purmei Road,2 beds,2 baths,"Telok Blangah, Harbourfront",Central,2025-04-19 13:33:10
42 TELOK BLANGAH RISE,"S$ 430,000",HDB 3-Room,Bukit Merah,1975,S$ 677 psf,635 sqft,Telok Blangah Rise,2 beds,2 baths,"Telok Blangah, Harbourfront",Central,2025-04-19 13:33:10
60 TELOK BLANGAH HEIGHTS,"S$ 440,000",HDB 3-Room,Bukit Merah,1976,S$ 610 psf,721 sqft,Telok Blangah Heights,2 beds,2 baths,"Telok Blangah, Harbourfront",Central,2025-04-19 13:33:10
59 TELOK BLANGAH HEIGHTS,"S$ 670,000",HDB 4-Room,Bukit Merah,1976,S$ 684 psf,979 sqft,Telok Blangah Heights,3 beds,2 baths,"Telok Blangah, Harbourfront",Central,2025-04-19 13:33:10
610 CLEMENTI WEST STREET 1,"S$ 588,000",HDB 4-Room,Clementi,1982,S$ 525 psf,"1,119 sqft",Clementi West Street 1,3 beds,2 baths,"Pasir Panjang, Hong Leong Garden, Clementi New Town",West,2025-04-19 13:33:10
702 WEST COAST ROAD,"S$ 420,000",HDB 3-Room,Clementi,1979,S$ 583 psf,721 sqft,West Coast Road,2 beds,2 baths,"Pasir Panjang, Hong Leong Garden, Clementi New Town",West,2025-04-19 13:33:10
377 CLEMENTI AVENUE 5,"S$ 620,000",HDB 4-Room,Clementi,1980,S$ 633 psf,979 sqft,Clementi Avenue 5,3 beds,2 baths,"Pasir Panjang, Hong Leong Garden, Clementi New Town",West,2025-04-19 13:33:10
611 CLEMENTI WEST STREET 1,"S$ 440,000",HDB 3-Room,Clementi,1983,S$ 552 psf,797 sqft,Clementi West Street 1,2 beds,2 baths,"Pasir Panjang, Hong Leong Garden, Clementi New Town",West,2025-04-19 13:33:10
510 WEST COAST DRIVE,"S$ 380,000",HDB 3-Room,Clementi,1977,S$ 527 psf,721 sqft,West Coast Drive,2 beds,2 baths,"Pasir Panjang, Hong Leong Garden, Clementi New Town",West,2025-04-19 13:33:10
416 CLEMENTI AVENUE 1,"S$ 1,350,000",HDB 5-Room,Clementi,2012,"S$ 1,063 psf","1,270 sqft",Clementi Avenue 1,3 beds,2 baths,"Pasir Panjang, Hong Leong Garden, Clementi New Town",West,2025-04-19 13:33:10
311B CLEMENTI AVENUE 4,"S$ 899,000",HDB 4PA (Premium Apartment),Clementi,"S$ 1,031 psf",872 sqft,Clementi Avenue 4,,3 beds,2 baths,"Pasir Panjang, Hong Leong Garden, Clementi New Town",West,2025-04-19 13:33:10
333 CLEMENTI AVENUE 2,"S$ 750,000",HDB 4-Room,Clementi,1977,S$ 758 psf,990 sqft,Clementi Avenue 2,3 beds,2 baths,"Pasir Panjang, Hong Leong Garden, Clementi New Town",West,2025-04-19 13:33:10
20 DOVER CRESCENT,"S$ 446,000",HDB 3-Room,Queenstown,1975,S$ 637 psf,700 sqft,Dover Crescent,2 beds,1 bath,"Pasir Panjang, Hong Leong Garden, Clementi New Town",West,2025-04-19 13:33:10
416 CLEMENTI AVENUE 1,"S$ 1,350,000",HDB 5-Room,Clementi,2012,"S$ 1,063 psf","1,270 sqft",Clementi Avenue 1,3 beds,2 baths,"Pasir Panjang, Hong Leong Garden, Clementi New Town",West,2025-04-19 13:33:10
416 CLEMENTI AVENUE 1,"S$ 1,099,000",HDB 5-Room,Clementi,2012,S$ 844 psf,"1,302 sqft",Clementi Avenue 1,4 beds,2 baths,"Pasir Panjang, Hong Leong Garden, Clementi New Town",West,2025-04-19 13:33:10
715 CLEMENTI WEST STREET 2,"S$ 538,888",HDB 4-Room,Clementi,1981,S$ 550 psf,980 sqft,Clementi West Street 2,3 beds,2 baths,"Pasir Panjang, Hong Leong Garden, Clementi New Town",West,2025-04-19 13:33:10
311A CLEMENTI AVENUE 4,"S$ 928,000",HDB 4-Room,Clementi,2015,"S$ 1,078 psf",861 sqft,Clementi Avenue 4,3 beds,2 baths,"Pasir Panjang, Hong Leong Garden, Clementi New Town",West,2025-04-19 13:33:10
337 CLEMENTI AVENUE 2,"S$ 860,000",HDB 5-Room,Clementi,1978,S$ 671 psf,"1,281 sqft",Clementi Avenue 2,3 beds,2 baths,"Pasir Panjang, Hong Leong Garden, Clementi New Town",West,2025-04-19 13:33:10
115 CLEMENTI STREET 13,"S$ 1,090,000",HDB Exec Maisonette,Clementi,1984,S$ 693 psf,"1,572 sqft",Clementi Street 13,3 beds,3 baths,"Pasir Panjang, Hong Leong Garden, Clementi New Town",West,2025-04-19 13:33:10
714 CLEMENTI WEST STREET 2,"S$ 490,000",HDB 3-Room,Clementi,1980,S$ 556 psf,882 sqft,Clementi West Street 2,2 beds,2 baths,"Pasir Panjang, Hong Leong Garden, Clementi New Town",West,2025-04-19 13:33:10
416 CLEMENTI AVENUE 1,"S$ 1,350,000",HDB 5-Room,Clementi,2012,"S$ 1,063 psf","1,270 sqft",Clementi Avenue 1,3 beds,2 baths,"Pasir Panjang, Hong Leong Garden, Clementi New Town",West,2025-04-19 13:33:10
20 DOVER CRESCENT,"S$ 445,000",HDB 3-Room,Queenstown,1975,S$ 636 psf,700 sqft,Dover Crescent,2 beds,1 bath,"Pasir Panjang, Hong Leong Garden, Clementi New Town",West,2025-04-19 13:33:10
311C CLEMENTI AVENUE 4,"S$ 688,000",HDB 3-Room,Clementi,2015,"S$ 1,067 psf",645 sqft,Clementi Avenue 4,2 beds,2 baths,"Pasir Panjang, Hong Leong Garden, Clementi New Town",West,2025-04-19 13:33:10
311A CLEMENTI AVENUE 4,"S$ 1,380,000",HDB 5-Room,Clementi,2015,"S$ 1,221 psf","1,130 sqft",Clementi Avenue 4,3 beds,2 baths,"Pasir Panjang, Hong Leong Garden, Clementi New Town",West,2025-04-19 13:33:10
9 SELEGIE ROAD,"S$ 458,000",HDB 3-Room,Central Area,1963,S$ 761 psf,602 sqft,Selegie Road,2 beds,1 bath,"Middle Road, Golden Mile",Central,2025-04-19 13:33:10
468 NORTH BRIDGE ROAD,"S$ 530,000",HDB 3-Room,Kallang/Whampoa,1978,S$ 820 psf,646 sqft,North Bridge Road,2 beds,1 bath,"Middle Road, Golden Mile",Central,2025-04-19 13:33:10
468 NORTH BRIDGE ROAD,"S$ 530,000",HDB 3-Room,Kallang/Whampoa,1978,S$ 822 psf,645 sqft,North Bridge Road,2 beds,1 bath,"Middle Road, Golden Mile",Central,2025-04-19 13:33:10
461 CRAWFORD LANE,"S$ 980,000",HDB 5-Room,Kallang/Whampoa,1981,S$ 746 psf,"1,313 sqft",Crawford Lane,3 beds,2 baths,"Middle Road, Golden Mile",Central,2025-04-19 13:33:10
1 BEACH ROAD,"S$ 540,000",HDB 3-Room,Kallang/Whampoa,1970,S$ 678 psf,796 sqft,Beach Road,2 beds,1 bath,"Middle Road, Golden Mile",Central,2025-04-19 13:33:10
15 BEACH ROAD,"S$ 600,000",HDB 4-Room,Kallang/Whampoa,1974,S$ 724 psf,829 sqft,Beach Road,3 beds,2 baths,"Middle Road, Golden Mile",Central,2025-04-19 13:33:10
15 BEACH ROAD,"S$ 730,000",HDB 4-Room,Kallang/Whampoa,1974,S$ 881 psf,829 sqft,Beach Road,3 beds,2 baths,"Middle Road, Golden Mile",Central,2025-04-19 13:33:10
468 NORTH BRIDGE ROAD,"S$ 480,000",HDB 3-Room,Kallang/Whampoa,1978,S$ 743 psf,646 sqft,North Bridge Road,2 beds,2 baths,"Middle Road, Golden Mile",Central,2025-04-19 13:33:10
15 BEACH ROAD,"S$ 730,000",HDB 4-Room,Kallang/Whampoa,1974,S$ 882 psf,828 sqft,Beach Road,3 beds,2 baths,"Middle Road, Golden Mile",Central,2025-04-19 13:33:10
264 WATERLOO STREET,"S$ 750,000",HDB 3-Room,Central Area,1978,"S$ 1,025 psf",732 sqft,Waterloo Street,2 beds,2 baths,"Middle Road, Golden Mile",Central,2025-04-19 13:33:10
262 WATERLOO STREET,"S$ 1,188,000",HDB 4-Room,Central Area,1978,"S$ 1,347 psf",882 sqft,Waterloo Street,3 beds,2 baths,"Middle Road, Golden Mile",Central,2025-04-19 13:33:10
3 BEACH ROAD,"S$ 460,000",HDB 3-Room,Kallang/Whampoa,1970,S$ 630 psf,730 sqft,Beach Road,2 beds,2 baths,"Middle Road, Golden Mile",Central,2025-04-19 13:33:10
12 NORTH BRIDGE ROAD,"S$ 858,000",HDB 5-Room,Kallang/Whampoa,1974,S$ 699 psf,"1,227 sqft",North Bridge Road,3 beds,2 baths,"Middle Road, Golden Mile",Central,2025-04-19 13:33:10
264 WATERLOO STREET,"S$ 638,888",HDB 3-Room,Central Area,1978,S$ 873 psf,732 sqft,Waterloo Street,2 beds,1 bath,"Middle Road, Golden Mile",Central,2025-04-19 13:33:10
15 BEACH ROAD,"S$ 700,000",HDB 4-Room,Kallang/Whampoa,1974,99 years,S$ 845 psf,828 sqft,3 beds,2 baths,"Middle Road, Golden Mile",Central,2025-04-19 13:33:10
50 DORSET ROAD,"S$ 615,000",HDB 3-Room,Kallang/Whampoa,1978,S$ 697 psf,882 sqft,Dorset Road,2 beds,2 baths,Little India,Central,2025-04-19 13:33:10
663 BUFFALO ROAD,"S$ 620,000",HDB 4-Room,Central Area,1981,S$ 702 psf,883 sqft,Buffalo Road,3 beds,2 baths,Little India,Central,2025-04-19 13:33:10
13 FARRER PARK ROAD,"S$ 998,000",HDB 5-Room,Kallang/Whampoa,2002,S$ 851 psf,"1,173 sqft",Farrer Park Road,3 beds,2 baths,Little India,Central,2025-04-19 13:33:10
13 FARRER PARK ROAD,"S$ 998,000",HDB 5-Room,Kallang/Whampoa,2002,S$ 851 psf,"1,173 sqft",Farrer Park Road,3 beds,2 baths,Little India,Central,2025-04-19 13:33:10
813 JELLICOE ROAD,"S$ 999,000",HDB 4-Room,Kallang/Whampoa,2001,"S$ 1,019 psf",980 sqft,Jellicoe Road,3 beds,2 baths,Little India,Central,2025-04-19 13:33:10
15 FARRER PARK ROAD,"S$ 700,000",HDB 3-Room,Kallang/Whampoa,2002,"S$ 1,049 psf",667 sqft,Farrer Park Road,2 beds,2 baths,Little India,Central,2025-04-19 13:33:10
683 TESSENSOHN ROAD,"S$ 800,000",HDB 4-Room,Kallang/Whampoa,1985,S$ 721 psf,"1,109 sqft",Tessensohn Road,3 beds,2 baths,Little India,Central,2025-04-19 13:33:10
48A DORSET ROAD,"S$ 996,677",HDB 5-Room,Kallang/Whampoa,1975,S$ 792 psf,"1,259 sqft",Dorset Road,3 beds,2 baths,Little India,Central,2025-04-19 13:33:10
13 FARRER PARK ROAD,"S$ 1,030,000",HDB 4-Room,Kallang/Whampoa,2002,"S$ 1,064 psf",968 sqft,Farrer Park Road,3 beds,2 baths,Little India,Central,2025-04-19 13:33:10
813 JELLICOE ROAD,"S$ 999,000",HDB 4-Room,Kallang/Whampoa,2001,"S$ 1,031 psf",969 sqft,Jellicoe Road,3 beds,2 baths,Little India,Central,2025-04-19 13:33:10
816 JELLICOE ROAD,"S$ 988,000",HDB 4-Room,Kallang/Whampoa,2001,"S$ 1,080 psf",915 sqft,Jellicoe Road,3 beds,2 baths,Little India,Central,2025-04-19 13:33:10
807 KING GEORGE'S AVENUE,"S$ 1,100,000",HDB 5-Room,Kallang/Whampoa,1980,S$ 889 psf,"1,238 sqft",King George's Avenue,3 beds,2 baths,Little India,Central,2025-04-19 13:33:10
642 ROWELL ROAD,"S$ 1,155,000",HDB 5-Room,Central Area,1982,S$ 783 psf,"1,475 sqft",Rowell Road,5 beds,2 baths,Little India,Central,2025-04-19 13:33:10
805 KING GEORGE'S AVENUE,"S$ 350,000",HDB 2-Room,Kallang/Whampoa,1980,S$ 740 psf,473 sqft,King George's Avenue,1 bed,1 bath,Little India,Central,2025-04-19 13:33:10
38 CAMBRIDGE ROAD,"S$ 920,000",HDB 5-Room,Kallang/Whampoa,1997,S$ 713 psf,"1,291 sqft",Cambridge Road,3 beds,2 baths,Little India,Central,2025-04-19 13:33:10
636 VEERASAMY ROAD,"S$ 648,000",HDB 3-Room,Central Area,1984,S$ 669 psf,968 sqft,Veerasamy Road,2 beds,2 baths,Little India,Central,2025-04-19 13:33:10
49 DORSET ROAD,"S$ 499,000",HDB 3-Room,Kallang/Whampoa,1978,S$ 682 psf,732 sqft,Dorset Road,2 beds,2 baths,Little India,Central,2025-04-19 13:33:10
15 FARRER PARK ROAD,"S$ 700,000",HDB 3-Room,Kallang/Whampoa,2002,"S$ 1,049 psf",667 sqft,Farrer Park Road,2 beds,2 baths,Little India,Central,2025-04-19 13:33:10
684 RACE COURSE ROAD,"S$ 775,000",HDB 4-Room,Kallang/Whampoa,1985,S$ 699 psf,"1,109 sqft",Race Course Road,3 beds,2 baths,Little India,Central,2025-04-19 13:33:10
672B KLANG LANE,"S$ 730,000",HDB 4-Room,Central Area,2000,S$ 798 psf,915 sqft,Klang Lane,3 beds,2 baths,Little India,Central,2025-04-19 13:33:10
30 HOLLAND CLOSE,"S$ 1,280,000",HDB 5-Room,Queenstown,1995,S$ 951 psf,"1,346 sqft",Holland Close,4 beds,2 baths,"Ardmore, Bukit Timah, Holland Road, Tanglin",Central,2025-04-19 13:33:10
8 EMPRESS ROAD,"S$ 450,000",HDB 3-Room,Bukit Timah,1975,S$ 643 psf,700 sqft,Empress Road,3 beds,2 baths,"Ardmore, Bukit Timah, Holland Road, Tanglin",Central,2025-04-19 13:33:10
19 GHIM MOH ROAD,"S$ 459,000",HDB 3-Room,Queenstown,1976,S$ 656 psf,700 sqft,Ghim Moh Road,2 beds,1 bath,"Ardmore, Bukit Timah, Holland Road, Tanglin",Central,2025-04-19 13:33:10
13 GHIM MOH ROAD,"S$ 990,000",HDB 5-Room,Queenstown,1976,S$ 736 psf,"1,345 sqft",Ghim Moh Road,3 beds,2 baths,"Ardmore, Bukit Timah, Holland Road, Tanglin",Central,2025-04-19 13:33:10
1 GHIM MOH ROAD,"S$ 465,000",HDB 3-Room,Queenstown,1975,S$ 664 psf,700 sqft,Ghim Moh Road,3 beds,1 bath,"Ardmore, Bukit Timah, Holland Road, Tanglin",Central,2025-04-19 13:33:10
96 DAWSON ROAD,"S$ 1,680,000",HDB 4PA (Premium Apartment),Queenstown,2020,"S$ 1,814 psf",926 sqft,Dawson Road,3 beds,2 baths,"Ardmore, Bukit Timah, Holland Road, Tanglin",Central,2025-04-19 13:33:10
7 GHIM MOH ROAD,"S$ 850,000",HDB 5-Room,Queenstown,1976,S$ 675 psf,"1,259 sqft",Ghim Moh Road,3 beds,2 baths,"Ardmore, Bukit Timah, Holland Road, Tanglin",Central,2025-04-19 13:33:10
21 GHIM MOH ROAD,"S$ 413,888",HDB 3-Room,Queenstown,1976,S$ 591 psf,700 sqft,Ghim Moh Road,2 beds,1 bath,"Ardmore, Bukit Timah, Holland Road, Tanglin",Central,2025-04-19 13:33:10
13 HOLLAND DRIVE,"S$ 760,000",HDB 4-Room,Queenstown,1974,S$ 803 psf,947 sqft,Holland Drive,3 beds,2 baths,"Ardmore, Bukit Timah, Holland Road, Tanglin",Central,2025-04-19 13:33:10
96 DAWSON ROAD,"S$ 1,700,000",HDB 5PA (Premium Apartment),Queenstown,2020,"S$ 1,463 psf","1,162 sqft",Dawson Road,4 beds,2 baths,"Ardmore, Bukit Timah, Holland Road, Tanglin",Central,2025-04-19 13:33:10
9 HOLLAND AVENUE,"S$ 568,888",HDB 3-Room,Queenstown,1973,S$ 725 psf,785 sqft,Holland Avenue,2 beds,2 baths,"Ardmore, Bukit Timah, Holland Road, Tanglin",Central,2025-04-19 13:33:10
13 GHIM MOH ROAD,"S$ 1,150,000",HDB 5-Room,Queenstown,1976,S$ 869 psf,"1,323 sqft",Ghim Moh Road,3 beds,2 baths,"Ardmore, Bukit Timah, Holland Road, Tanglin",Central,2025-04-19 13:33:10
4 QUEEN'S ROAD,"S$ 550,000",HDB 3-Room,Bukit Timah,1973,S$ 701 psf,785 sqft,Queen's Road,2 beds,1 bath,"Ardmore, Bukit Timah, Holland Road, Tanglin",Central,2025-04-19 13:33:10
19 GHIM MOH ROAD,"S$ 445,000",HDB 3-Room,Queenstown,1976,S$ 636 psf,700 sqft,Ghim Moh Road,2 beds,1 bath,"Ardmore, Bukit Timah, Holland Road, Tanglin",Central,2025-04-19 13:33:10
27 GHIM MOH LINK,"S$ 770,000",HDB 3-Room,Queenstown,2011,"S$ 1,068 psf",721 sqft,Ghim Moh Link,2 beds,2 baths,"Ardmore, Bukit Timah, Holland Road, Tanglin",Central,2025-04-19 13:33:10
1 GHIM MOH ROAD,"S$ 430,000",HDB 3-Room,Queenstown,1975,S$ 614 psf,700 sqft,Ghim Moh Road,2 beds,1 bath,"Ardmore, Bukit Timah, Holland Road, Tanglin",Central,2025-04-19 13:33:10
32 HOLLAND CLOSE,"S$ 450,000",HDB 3-Room,Queenstown,1973,S$ 709 psf,635 sqft,Holland Close,2 beds,1 bath,"Ardmore, Bukit Timah, Holland Road, Tanglin",Central,2025-04-19 13:33:10
20 HOLLAND DRIVE,"S$ 1,080,000",HDB 5-Room,Queenstown,1974,S$ 858 psf,"1,259 sqft",Holland Drive,3 beds,2 baths,"Ardmore, Bukit Timah, Holland Road, Tanglin",Central,2025-04-19 13:33:10
8 EMPRESS ROAD,"S$ 480,000",HDB 3-Room,Bukit Timah,1975,S$ 686 psf,700 sqft,Empress Road,2 beds,2 baths,"Ardmore, Bukit Timah, Holland Road, Tanglin",Central,2025-04-19 13:33:10
94 DAWSON ROAD,"S$ 920,000",HDB 3PA (Premium Apartment),Queenstown,2020,"S$ 1,357 psf",678 sqft,Dawson Road,2 beds,2 baths,"Ardmore, Bukit Timah, Holland Road, Tanglin",Central,2025-04-19 13:33:10
69 MOULMEIN ROAD,"S$ 628,000",HDB 4-Room,Kallang/Whampoa,1972,S$ 695 psf,904 sqft,Moulmein Road,3 beds,2 baths,"Watten Estate, Novena, Thomson",Central,2025-04-19 13:33:10
69 MOULMEIN ROAD,"S$ 623,888",HDB 4-Room,Kallang/Whampoa,1972,S$ 690 psf,904 sqft,Moulmein Road,3 beds,2 baths,"Watten Estate, Novena, Thomson",Central,2025-04-19 13:33:10
147 LORONG 2 TOA PAYOH,"S$ 1,060,000",HDB 4-Room,Toa Payoh,2004,"S$ 1,082 psf",980 sqft,Lorong 2 Toa Payoh,3 beds,2 baths,"Balestier, Toa Payoh, Serangoon",Central,2025-04-19 13:33:10
108 JALAN RAJAH,"S$ 1,030,000",HDB Exec Maisonette,Kallang/Whampoa,1983,S$ 626 psf,"1,646 sqft",Jalan Rajah,3 beds,3 baths,"Balestier, Toa Payoh, Serangoon",Central,2025-04-19 13:33:10
138C LORONG 1A TOA PAYOH,"S$ 1,400,000",HDB 5-Room,Toa Payoh,2012,"S$ 1,182 psf","1,184 sqft",Lorong 1A Toa Payoh,3 beds,2 baths,"Balestier, Toa Payoh, Serangoon",Central,2025-04-19 13:33:10
58 JALAN MA'MOR,"S$ 1,650,000",HDB 5-Room,Kallang/Whampoa,1959,S$ 881 psf,"1,873 sqft",Jalan Ma'mor,4 beds,2 baths,"Balestier, Toa Payoh, Serangoon",Central,2025-04-19 13:33:10
35 LORONG 5 TOA PAYOH,"S$ 1,000,000",HDB 5-Room,12,99 years,S$ 781 psf,"1,280 sqft",Lorong 5 Toa Payoh,3 beds,2 baths,"Balestier, Toa Payoh, Serangoon",Central,2025-04-19 13:33:10
18 JALAN TENTERAM,"S$ 865,000",HDB 5-Room,Kallang/Whampoa,1999,S$ 766 psf,"1,129 sqft",Jalan Tenteram,3 beds,2 baths,"Balestier, Toa Payoh, Serangoon",Central,2025-04-19 13:33:10
79B TOA PAYOH CENTRAL,"S$ 1,080,000",HDB 4-Room,Toa Payoh,2007,"S$ 1,102 psf",980 sqft,Toa Payoh Central,3 beds,2 baths,"Balestier, Toa Payoh, Serangoon",Central,2025-04-19 13:33:10
214 LORONG 8 TOA PAYOH,"S$ 498,000",HDB 4-Room,Toa Payoh,1975,S$ 564 psf,883 sqft,Lorong 8 Toa Payoh,3 beds,2 baths,"Balestier, Toa Payoh, Serangoon",Central,2025-04-19 13:33:10
139A LORONG 1A TOA PAYOH,"S$ 1,348,888",HDB 5-Room,Toa Payoh,2012,"S$ 1,071 psf","1,259 sqft",Lorong 1A Toa Payoh,3 beds,2 baths,"Balestier, Toa Payoh, Serangoon",Central,2025-04-19 13:33:10
243 KIM KEAT LINK,"S$ 800,000",HDB 5-Room,Toa Payoh,1988,S$ 559 psf,"1,432 sqft",Kim Keat Link,4 beds,2 baths,"Balestier, Toa Payoh, Serangoon",Central,2025-04-19 13:33:10
100 LORONG 1 TOA PAYOH,"S$ 418,000",HDB 3-Room,Toa Payoh,1968,S$ 571 psf,732 sqft,Lorong 1 Toa Payoh,2 beds,1 bath,"Balestier, Toa Payoh, Serangoon",Central,2025-04-19 13:33:10
131A LORONG 1 TOA PAYOH,"S$ 1,188,000",HDB 4-Room,Toa Payoh,2017,"S$ 1,187 psf","1,001 sqft",Lorong 1 Toa Payoh,3 beds,2 baths,"Balestier, Toa Payoh, Serangoon",Central,2025-04-19 13:33:10
62 LORONG 4 TOA PAYOH,"S$ 740,000",HDB 4-Room,Toa Payoh,1998,S$ 688 psf,"1,076 sqft",Lorong 4 Toa Payoh,3 beds,2 baths,"Balestier, Toa Payoh, Serangoon",Central,2025-04-19 13:33:10
93 WHAMPOA DRIVE,"S$ 1,199,900",HDB 5-Room,Kallang/Whampoa,1973,S$ 736 psf,"1,630 sqft",Whampoa Drive,6 beds,3 baths,"Balestier, Toa Payoh, Serangoon",Central,2025-04-19 13:33:10
152 LORONG 2 TOA PAYOH,"S$ 909,000",HDB 4-Room,Toa Payoh,2005,S$ 928 psf,979 sqft,Lorong 2 Toa Payoh,3 beds,2 baths,"Balestier, Toa Payoh, Serangoon",Central,2025-04-19 13:33:10
218 LORONG 8 TOA PAYOH,"S$ 745,000",HDB 5-Room,Toa Payoh,1977,S$ 592 psf,"1,259 sqft",Lorong 8 Toa Payoh,3 beds,2 baths,"Balestier, Toa Payoh, Serangoon",Central,2025-04-19 13:33:10
142 LORONG 2 TOA PAYOH,"S$ 1,280,000",HDB 5-Room,Toa Payoh,1999,"S$ 1,026 psf","1,248 sqft",Lorong 2 Toa Payoh,3 beds,2 baths,"Balestier, Toa Payoh, Serangoon",Central,2025-04-19 13:33:10
101B LORONG 2 TOA PAYOH,"S$ 1,280,000",HDB Exec Apartment,12,S$ 826 psf,"1,550 sqft",LORONG 2 TOA PAYOH,,4 beds,2 baths,"Balestier, Toa Payoh, Serangoon",Central,2025-04-19 13:33:10
38C BENDEMEER ROAD,"S$ 950,000",HDB 4-Room,Kallang/Whampoa,2010,S$ 992 psf,958 sqft,Bendemeer Road,3 beds,2 baths,"Balestier, Toa Payoh, Serangoon",Central,2025-04-19 13:33:10
139A LORONG 1A TOA PAYOH,"S$ 1,146,000",HDB 4PA (Premium Apartment),Toa Payoh,2012,"S$ 1,169 psf",980 sqft,Lorong 1A Toa Payoh,3 beds,2 baths,"Balestier, Toa Payoh, Serangoon",Central,2025-04-19 13:33:10
32 BALAM ROAD,"S$ 348,888",HDB 3-Room,Geylang,1965,S$ 569 psf,613 sqft,Balam Road,2 beds,1 bath,"Macpherson, Braddell",East,2025-04-19 13:33:10
140 POTONG PASIR AVENUE 3,"S$ 598,000",HDB 3-Room,Toa Payoh,1984,S$ 751 psf,796 sqft,Potong Pasir Avenue 3,2 beds,2 baths,"Macpherson, Braddell",East,2025-04-19 13:33:10
14 JOO SENG ROAD,"S$ 830,000",HDB 5-Room,Toa Payoh,1983,S$ 584 psf,"1,421 sqft",Joo Seng Road,5 beds,2 baths,"Macpherson, Braddell",East,2025-04-19 13:33:10
118A ALKAFF CRESCENT,"S$ 800,000",HDB 3-Room,2019,"S$ 1,093 psf",732 sqft,Alkaff Crescent,,2 beds,2 baths,"Macpherson, Braddell",East,2025-04-19 13:33:10
102B BIDADARI PARK DRIVE,"S$ 850,000",HDB 3-Room,2020,"S$ 1,161 psf",732 sqft,Bidadari Park Drive,,2 beds,2 baths,"Macpherson, Braddell",East,2025-04-19 13:33:10
21 BALAM ROAD,"S$ 380,000",HDB 3-Room,Geylang,1965,S$ 588 psf,646 sqft,Balam Road,2 beds,1 bath,"Macpherson, Braddell",East,2025-04-19 13:33:10
32 BALAM ROAD,"S$ 368,000",HDB 3-Room,Geylang,1965,S$ 600 psf,613 sqft,Balam Road,2 beds,1 bath,"Macpherson, Braddell",East,2025-04-19 13:33:10
115A ALKAFF CRESCENT,"S$ 1,150,000",HDB 4-Room,2019,"S$ 1,149 psf","1,001 sqft",Alkaff Crescent,,3 beds,2 baths,"Macpherson, Braddell",East,2025-04-19 13:33:10
102A BIDADARI PARK DRIVE,"S$ 1,228,000",HDB 4PA (Premium Apartment),2020,"S$ 1,227 psf","1,001 sqft",Bidadari Park Drive,,3 beds,2 baths,"Macpherson, Braddell",East,2025-04-19 13:33:10
7 UPPER ALJUNIED LANE,"S$ 620,000",HDB 3-Room,Toa Payoh,2015,S$ 847 psf,732 sqft,Upper Aljunied Lane,2 beds,2 baths,"Macpherson, Braddell",East,2025-04-19 13:33:10
49 CIRCUIT ROAD,"S$ 330,000",HDB 3-Room,Geylang,1964,S$ 547 psf,603 sqft,Circuit Road,2 beds,1 bath,"Macpherson, Braddell",East,2025-04-19 13:33:10
22 BALAM ROAD,"S$ 320,000",HDB 3-Room,Geylang,1965,S$ 496 psf,645 sqft,Balam Road,2 beds,1 bath,"Macpherson, Braddell",East,2025-04-19 13:33:10
134 POTONG PASIR AVENUE 3,"S$ 599,999",HDB 3-Room,Toa Payoh,1984,S$ 753 psf,797 sqft,Potong Pasir Avenue 3,2 beds,2 baths,"Macpherson, Braddell",East,2025-04-19 13:33:10
118A ALKAFF CRESCENT,"S$ 838,000",HDB 3-Room,2019,"S$ 1,145 psf",732 sqft,Alkaff Crescent,,2 beds,2 baths,"Macpherson, Braddell",East,2025-04-19 13:33:10
115C ALKAFF CRESCENT,"S$ 1,088,000",HDB 4-Room,2019,"S$ 1,087 psf","1,001 sqft",Alkaff Crescent,,3 beds,2 baths,"Macpherson, Braddell",East,2025-04-19 13:33:10
102B BIDADARI PARK DRIVE,"S$ 1,100,000",HDB 4-Room,2020,"S$ 1,099 psf","1,001 sqft",Bidadari Park Drive,,3 beds,2 baths,"Macpherson, Braddell",East,2025-04-19 13:33:10
117 POTONG PASIR AVENUE 1,"S$ 630,000",HDB 4-Room,Toa Payoh,1984,S$ 586 psf,"1,076 sqft",Potong Pasir Avenue 1,3 beds,2 baths,"Macpherson, Braddell",East,2025-04-19 13:33:10
102B BIDADARI PARK DRIVE,"S$ 1,150,000",HDB 4-Room,2020,"S$ 1,149 psf","1,001 sqft",Bidadari Park Drive,,3 beds,2 baths,"Macpherson, Braddell",East,2025-04-19 13:33:10
106B BIDADARI PARK DRIVE,"S$ 1,078,000",HDB 4-Room,2019,"S$ 1,065 psf","1,012 sqft",Bidadari Park Drive,,3 beds,2 baths,"Macpherson, Braddell",East,2025-04-19 13:33:10
115C ALKAFF CRESCENT,"S$ 1,000,000",HDB 3-Room,2019,"S$ 1,366 psf",732 sqft,Alkaff Crescent,,2 beds,2 baths,"Macpherson, Braddell",East,2025-04-19 13:33:10
341 UBI AVENUE 1,"S$ 618,000",HDB 4-Room,Geylang,1985,S$ 684 psf,904 sqft,Ubi Avenue 1,3 beds,2 baths,"Geylang, Eunos",East,2025-04-19 13:33:10
656 JALAN TENAGA,"S$ 969,000",HDB 5-Room,Bedok,1995,S$ 715 psf,"1,356 sqft",Jalan Tenaga,4 beds,2 baths,"Geylang, Eunos",East,2025-04-19 13:33:10
124 GEYLANG EAST AVENUE 1,"S$ 908,000",HDB 5-Room,Geylang,1983,S$ 639 psf,"1,421 sqft",Geylang East Avenue 1,3 beds,2 baths,"Geylang, Eunos",East,2025-04-19 13:33:10
99 ALJUNIED CRESCENT,"S$ 520,000",HDB 3-Room,Geylang,1977,S$ 589 psf,883 sqft,Aljunied Crescent,2 beds,2 baths,"Geylang, Eunos",East,2025-04-19 13:33:10
34 CASSIA CRESCENT,"S$ 520,000",HDB 3-Room,Geylang,1980,S$ 721 psf,721 sqft,Cassia Crescent,2 beds,2 baths,"Geylang, Eunos",East,2025-04-19 13:33:10
106 ALJUNIED CRESCENT,"S$ 460,000",HDB 3-Room,Geylang,1978,S$ 638 psf,721 sqft,Aljunied Crescent,2 beds,2 baths,"Geylang, Eunos",East,2025-04-19 13:33:10
23 EUNOS CRESCENT,"S$ 628,000",HDB 4-Room,Geylang,1976,S$ 634 psf,990 sqft,Eunos Crescent,3 beds,2 baths,"Geylang, Eunos",East,2025-04-19 13:33:10
311 UBI AVENUE 1,"S$ 618,000",HDB 4-Room,Geylang,1985,S$ 684 psf,904 sqft,Ubi Avenue 1,3 beds,2 baths,"Geylang, Eunos",East,2025-04-19 13:33:10
5 PINE CLOSE,"S$ 945,000",HDB 5-Room,Geylang,1998,S$ 770 psf,"1,227 sqft",Pine Close,3 beds,2 baths,"Geylang, Eunos",East,2025-04-19 13:33:10
32 CASSIA CRESCENT,"S$ 530,000",HDB 3-Room,Geylang,1980,S$ 735 psf,721 sqft,Cassia Crescent,2 beds,2 baths,"Geylang, Eunos",East,2025-04-19 13:33:10
330 UBI AVENUE 1,"S$ 588,000",HDB 4-Room,Geylang,1985,S$ 650 psf,904 sqft,Ubi Avenue 1,3 beds,2 baths,"Geylang, Eunos",East,2025-04-19 13:33:10
82B CIRCUIT ROAD,"S$ 1,080,000",HDB 4-Room,Geylang,2019,"S$ 1,079 psf","1,001 sqft",Circuit Road,3 beds,2 baths,"Geylang, Eunos",East,2025-04-19 13:33:10
42A SIMS DRIVE,"S$ 768,000",HDB 5-Room,Geylang,1989,S$ 585 psf,"1,313 sqft",Sims Drive,4 beds,2 baths,"Geylang, Eunos",East,2025-04-19 13:33:10
11 UPPER BOON KENG ROAD,"S$ 499,000",HDB 3-Room,Kallang/Whampoa,1973,S$ 621 psf,804 sqft,Upper Boon Keng Road,2 beds,1 bath,"Geylang, Eunos",East,2025-04-19 13:33:10
326 UBI AVENUE 1,"S$ 1,100,000",HDB Exec Maisonette,Geylang,1985,S$ 701 psf,"1,570 sqft",Ubi Avenue 1,3 beds,2 baths,"Geylang, Eunos",East,2025-04-19 13:33:10
655 JALAN TENAGA,"S$ 888,000",HDB 5-Room,Bedok,1995,S$ 650 psf,"1,367 sqft",Jalan Tenaga,4 beds,2 baths,"Geylang, Eunos",East,2025-04-19 13:33:10
2A UPPER BOON KENG ROAD,"S$ 840,000",HDB 4-Room,Kallang/Whampoa,2006,S$ 868 psf,968 sqft,Upper Boon Keng Road,3 beds,2 baths,"Geylang, Eunos",East,2025-04-19 13:33:10
2A UPPER BOON KENG ROAD,"S$ 1,120,000",HDB 5-Room,Kallang/Whampoa,2006,S$ 946 psf,"1,184 sqft",Upper Boon Keng Road,3 beds,2 baths,"Geylang, Eunos",East,2025-04-19 13:33:10
51 SIMS DRIVE,"S$ 809,000",HDB 5-Room,Geylang,1976,S$ 632 psf,"1,280 sqft",Sims Drive,3 beds,2 baths,"Geylang, Eunos",East,2025-04-19 13:33:10
2A UPPER BOON KENG ROAD,"S$ 1,120,000",HDB 5-Room,Kallang/Whampoa,2006,S$ 946 psf,"1,184 sqft",Upper Boon Keng Road,3 beds,2 baths,"Geylang, Eunos",East,2025-04-19 13:33:10
9 JALAN BATU,"S$ 318,000",HDB 2-Room,15,S$ 615 psf,517 sqft,Jalan Batu,,2 beds,1 bath,"Katong, Joo Chiat, Amber Road",East,2025-04-19 13:33:10
11 HAIG ROAD,"S$ 635,000",HDB 4-Room,Geylang,S$ 641 psf,990 sqft,Haig Road,,3 beds,2 baths,"Katong, Joo Chiat, Amber Road",East,2025-04-19 13:33:10
77 MARINE DRIVE,"S$ 1,100,000",HDB 5-Room,Marine Parade,1976,S$ 838 psf,"1,313 sqft",Marine Drive,3 beds,2 baths,"Katong, Joo Chiat, Amber Road",East,2025-04-19 13:33:10
2 MARINE TERRACE,"S$ 898,888",HDB 5-Room,Marine Parade,1974,S$ 696 psf,"1,292 sqft",Marine Terrace,3 beds,2 baths,"Katong, Joo Chiat, Amber Road",East,2025-04-19 13:33:10
77 MARINE DRIVE,"S$ 1,100,000",HDB 5-Room,Marine Parade,1976,S$ 851 psf,"1,292 sqft",Marine Drive,3 beds,2 baths,"Katong, Joo Chiat, Amber Road",East,2025-04-19 13:33:10
65 MARINE DRIVE,"S$ 468,000",HDB 3-Room,Marine Parade,1975,S$ 669 psf,700 sqft,Marine Drive,2 beds,2 baths,"Katong, Joo Chiat, Amber Road",East,2025-04-19 13:33:10
12 MARINE TERRACE,"S$ 888,000",HDB 5-Room,Marine Parade,1974,S$ 687 psf,"1,292 sqft",Marine Terrace,3 beds,2 baths,"Katong, Joo Chiat, Amber Road",East,2025-04-19 13:33:10
6 MARINE TERRACE,"S$ 480,000",HDB 3-Room,Marine Parade,1974,S$ 686 psf,700 sqft,Marine Terrace,2 beds,2 baths,"Katong, Joo Chiat, Amber Road",East,2025-04-19 13:33:10
44 MARINE CRESCENT,"S$ 800,000",HDB 5-Room,Marine Parade,1975,S$ 620 psf,"1,291 sqft",Marine Crescent,3 beds,2 baths,"Katong, Joo Chiat, Amber Road",East,2025-04-19 13:33:10
11 JALAN BATU,"S$ 1,100,000",HDB Exec Apartment,15,99 years,"S$ 7,914 psf",139 sqft,Jalan Batu,4 beds,2 baths,"Katong, Joo Chiat, Amber Road",East,2025-04-19 13:33:10
8 JALAN BATU,"S$ 358,000",HDB 2-Room,Kallang/Whampoa,1963,S$ 694 psf,516 sqft,Jalan Batu,1 bed,1 bath,"Katong, Joo Chiat, Amber Road",East,2025-04-19 13:33:10
31 MARINE CRESCENT,"S$ 458,000",HDB 3-Room,Marine Parade,1974,S$ 654 psf,700 sqft,Marine Crescent,2 beds,2 baths,"Katong, Joo Chiat, Amber Road",East,2025-04-19 13:33:10
64 MARINE DRIVE,"S$ 450,000",HDB 3-Room,Marine Parade,1975,S$ 615 psf,732 sqft,Marine Drive,2 beds,1 bath,"Katong, Joo Chiat, Amber Road",East,2025-04-19 13:33:10
12 MARINE TERRACE,"S$ 1,100,000",HDB 5-Room,Marine Parade,1974,S$ 851 psf,"1,292 sqft",Marine Terrace,3 beds,2 baths,"Katong, Joo Chiat, Amber Road",East,2025-04-19 13:33:10
75 MARINE DRIVE,"S$ 700,000",HDB 4-Room,Marine Parade,1975,S$ 793 psf,883 sqft,Marine Drive,3 beds,1 bath,"Katong, Joo Chiat, Amber Road",East,2025-04-19 13:33:10
6 MARINE TERRACE,"S$ 470,000",HDB 3-Room,Marine Parade,1974,S$ 671 psf,700 sqft,Marine Terrace,2 beds,2 baths,"Katong, Joo Chiat, Amber Road",East,2025-04-19 13:33:10
8 JALAN BATU,"S$ 345,000",HDB 2-Room,Kallang/Whampoa,1963,S$ 641 psf,538 sqft,Jalan Batu,2 beds,1 bath,"Katong, Joo Chiat, Amber Road",East,2025-04-19 13:33:10
6 HAIG ROAD,"S$ 808,000",HDB 5-Room,Geylang,1976,S$ 653 psf,"1,237 sqft",Haig Road,3 beds,2 baths,"Katong, Joo Chiat, Amber Road",East,2025-04-19 13:33:10
4 MARINE TERRACE,"S$ 480,000",HDB 3-Room,Marine Parade,1974,S$ 687 psf,699 sqft,Marine Terrace,2 beds,1 bath,"Katong, Joo Chiat, Amber Road",East,2025-04-19 13:33:10
10 JALAN BATU,"S$ 795,000",HDB 4-Room,Kallang/Whampoa,1966,S$ 704 psf,"1,130 sqft",Jalan Batu,3 beds,2 baths,"Katong, Joo Chiat, Amber Road",East,2025-04-19 13:33:10
4 BEDOK SOUTH AVENUE 1,"S$ 440,000",HDB 3-Room,Bedok,1975,S$ 561 psf,785 sqft,Bedok South Avenue 1,3 beds,1 bath,"Bedok, Upper East Coast, Eastwood, Kew Drive",East,2025-04-19 13:33:10
550 BEDOK NORTH AVENUE 1,"S$ 430,000",HDB 3-Room,Bedok,1979,S$ 596 psf,721 sqft,Bedok North Avenue 1,3 beds,2 baths,"Bedok, Upper East Coast, Eastwood, Kew Drive",East,2025-04-19 13:33:10
709 BEDOK RESERVOIR ROAD,"S$ 478,000",HDB 3-Room,Bedok,1980,S$ 653 psf,732 sqft,Bedok Reservoir Road,2 beds,2 baths,"Bedok, Upper East Coast, Eastwood, Kew Drive",East,2025-04-19 13:33:10
110 BEDOK NORTH ROAD,"S$ 499,000",HDB 3-Room,Bedok,1976,S$ 566 psf,882 sqft,Bedok North Road,2 beds,2 baths,"Bedok, Upper East Coast, Eastwood, Kew Drive",East,2025-04-19 13:33:10
221B BEDOK CENTRAL,"S$ 880,000",HDB 4-Room,Bedok,2008,S$ 870 psf,"1,011 sqft",Bedok Central,3 beds,2 baths,"Bedok, Upper East Coast, Eastwood, Kew Drive",East,2025-04-19 13:33:10
84 BEDOK NORTH STREET 4,"S$ 880,000",HDB 5-Room,Bedok,1977,S$ 610 psf,"1,442 sqft",Bedok North Street 4,5 beds,4 baths,"Bedok, Upper East Coast, Eastwood, Kew Drive",East,2025-04-19 13:33:10
510 BEDOK NORTH STREET 3,"S$ 599,000",HDB 4-Room,Bedok,1979,S$ 618 psf,969 sqft,Bedok North Street 3,3 beds,2 baths,"Bedok, Upper East Coast, Eastwood, Kew Drive",East,2025-04-19 13:33:10
147 BEDOK RESERVOIR ROAD,"S$ 768,000",HDB 5-Room,Bedok,1986,S$ 585 psf,"1,313 sqft",Bedok Reservoir Road,3 beds,2 baths,"Bedok, Upper East Coast, Eastwood, Kew Drive",East,2025-04-19 13:33:10
21 BEDOK SOUTH ROAD,"S$ 838,000",HDB 5-Room,16,99 years,0 sqft,BEDOK SOUTH ROAD,,3 beds,2 baths,"Bedok, Upper East Coast, Eastwood, Kew Drive",East,2025-04-19 13:33:10
27 NEW UPPER CHANGI ROAD,"S$ 480,000",HDB 3-Room,Bedok,1976,S$ 603 psf,796 sqft,New Upper Changi Road,3 beds,2 baths,"Bedok, Upper East Coast, Eastwood, Kew Drive",East,2025-04-19 13:33:10
19 CHAI CHEE ROAD,"S$ 403,000",HDB 3-Room,Bedok,1972,S$ 577 psf,699 sqft,Chai Chee Road,2 beds,1 bath,"Bedok, Upper East Coast, Eastwood, Kew Drive",East,2025-04-19 13:33:10
428 BEDOK NORTH ROAD,"S$ 620,000",HDB 4-Room,Bedok,1978,S$ 626 psf,990 sqft,Bedok North Road,3 beds,2 baths,"Bedok, Upper East Coast, Eastwood, Kew Drive",East,2025-04-19 13:33:10
713 BEDOK RESERVOIR ROAD,"S$ 470,000",HDB 3-Room,Bedok,1980,S$ 642 psf,732 sqft,Bedok Reservoir Road,2 beds,2 baths,"Bedok, Upper East Coast, Eastwood, Kew Drive",East,2025-04-19 13:33:10
43 BEDOK SOUTH ROAD,"S$ 480,000",HDB 4-Room,Bedok,1977,S$ 531 psf,904 sqft,Bedok South Road,3 beds,2 baths,"Bedok, Upper East Coast, Eastwood, Kew Drive",East,2025-04-19 13:33:10
4 BEDOK SOUTH AVENUE 1,"S$ 488,000",HDB 3-Room,Bedok,1975,S$ 697 psf,700 sqft,Bedok South Avenue 1,3 beds,1 bath,"Bedok, Upper East Coast, Eastwood, Kew Drive",East,2025-04-19 13:33:10
431A BEDOK NORTH ROAD,"S$ 727,000",HDB 3-Room,Bedok,2019,S$ 978 psf,743 sqft,Bedok North Road,2 beds,2 baths,"Bedok, Upper East Coast, Eastwood, Kew Drive",East,2025-04-19 13:33:10
137 BEDOK RESERVOIR ROAD,"S$ 1,270,000",HDB Exec Maisonette,Bedok,1986,S$ 792 psf,"1,604 sqft",Bedok Reservoir Road,4 beds,3 baths,"Bedok, Upper East Coast, Eastwood, Kew Drive",East,2025-04-19 13:33:10
218 BEDOK NORTH STREET 1,"S$ 488,888",HDB 3-Room,Bedok,1979,S$ 678 psf,721 sqft,Bedok North Street 1,2 beds,2 baths,"Bedok, Upper East Coast, Eastwood, Kew Drive",East,2025-04-19 13:33:10
431A BEDOK NORTH ROAD,"S$ 925,000",HDB 4-Room,Bedok,2019,S$ 914 psf,"1,012 sqft",Bedok North Road,3 beds,2 baths,"Bedok, Upper East Coast, Eastwood, Kew Drive",East,2025-04-19 13:33:10
128 BEDOK RESERVOIR ROAD,"S$ 600,000",HDB 4-Room,Bedok,1986,S$ 664 psf,904 sqft,Bedok Reservoir Road,3 beds,2 baths,"Bedok, Upper East Coast, Eastwood, Kew Drive",East,2025-04-19 13:33:10
1 CHANGI VILLAGE ROAD,"S$ 360,000",HDB 3-Room,Pasir Ris,1975,S$ 507 psf,710 sqft,Changi Village Road,2 beds,1 bath,"Loyang, Changi",East,2025-04-19 13:33:10
5 CHANGI VILLAGE ROAD,"S$ 500,000",HDB 3-Room,Pasir Ris,1978,S$ 627 psf,797 sqft,Changi Village Road,2 beds,2 baths,"Loyang, Changi",East,2025-04-19 13:33:10
4 CHANGI VILLAGE ROAD,"S$ 330,000",HDB 3-Room,Pasir Ris,1975,S$ 414 psf,797 sqft,Changi Village Road,2 beds,1 bath,"Loyang, Changi",East,2025-04-19 13:33:10
604B TAMPINES AVENUE 9,"S$ 896,000",HDB 5-Room,Tampines,2018,S$ 743 psf,"1,206 sqft",Tampines Avenue 9,3 beds,2 baths,"Tampines, Pasir Ris",East,2025-04-19 13:33:10
895 TAMPINES STREET 81,"S$ 1,050,000",HDB Exec Maisonette,Tampines,1988,S$ 668 psf,"1,572 sqft",Tampines Street 81,3 beds,3 baths,"Tampines, Pasir Ris",East,2025-04-19 13:33:10
557 PASIR RIS STREET 51,"S$ 798,888",HDB 5-Room,Pasir Ris,1992,S$ 608 psf,"1,314 sqft",Pasir Ris Street 51,4 beds,2 baths,"Tampines, Pasir Ris",East,2025-04-19 13:33:10
257 TAMPINES STREET 21,"S$ 799,000",HDB 5-Room,Tampines,1983,S$ 614 psf,"1,302 sqft",Tampines Street 21,3 beds,2 baths,"Tampines, Pasir Ris",East,2025-04-19 13:33:10
872 TAMPINES STREET 84,"S$ 650,000",HDB 4-Room,18,S$ 581 psf,"1,119 sqft",Tampines Street 84,,3 beds,2 baths,"Tampines, Pasir Ris",East,2025-04-19 13:33:10
250 TAMPINES STREET 21,"S$ 680,000",HDB 4-Room,Tampines,1983,S$ 614 psf,"1,108 sqft",Tampines Street 21,3 beds,2 baths,"Tampines, Pasir Ris",East,2025-04-19 13:33:10
408 PASIR RIS DRIVE 6,"S$ 1,238,800",HDB Exec Maisonette,Pasir Ris,1989,S$ 788 psf,"1,572 sqft",Pasir Ris Drive 6,3 beds,3 baths,"Tampines, Pasir Ris",East,2025-04-19 13:33:10
104 PASIR RIS STREET 12,"S$ 700,000",HDB 5-Room,Pasir Ris,1988,S$ 533 psf,"1,313 sqft",Pasir Ris Street 12,4 beds,2 baths,"Tampines, Pasir Ris",East,2025-04-19 13:33:10
226 SIMEI STREET 4,"S$ 1,150,000",HDB Exec Maisonette,Tampines,1987,S$ 732 psf,"1,572 sqft",Simei Street 4,4 beds,3 baths,"Tampines, Pasir Ris",East,2025-04-19 13:33:10
608A TAMPINES NORTH DRIVE 1,"S$ 850,000",HDB 5-Room,Tampines,2019,S$ 699 psf,"1,216 sqft",Tampines North Drive 1,3 beds,2 baths,"Tampines, Pasir Ris",East,2025-04-19 13:33:10
505 TAMPINES CENTRAL 1,"S$ 710,000",HDB 4-Room,Tampines,1989,S$ 687 psf,"1,033 sqft",Tampines Central 1,3 beds,2 baths,"Tampines, Pasir Ris",East,2025-04-19 13:33:10
432 TAMPINES STREET 41,"S$ 768,000",HDB 5-Room,Tampines,1985,S$ 585 psf,"1,313 sqft",Tampines Street 41,3 beds,2 baths,"Tampines, Pasir Ris",East,2025-04-19 13:33:10
837 TAMPINES STREET 83,"S$ 580,000",HDB 4-Room,Tampines,1984,S$ 642 psf,904 sqft,Tampines Street 83,3 beds,2 baths,"Tampines, Pasir Ris",East,2025-04-19 13:33:10
124 PASIR RIS STREET 11,"S$ 635,000",HDB 4-Room,Pasir Ris,1988,S$ 562 psf,"1,130 sqft",Pasir Ris Street 11,3 beds,2 baths,"Tampines, Pasir Ris",East,2025-04-19 13:33:10
240 TAMPINES STREET 21,"S$ 669,000",HDB 4-Room,Tampines,1983,S$ 598 psf,"1,119 sqft",Tampines Street 21,3 beds,2 baths,"Tampines, Pasir Ris",East,2025-04-19 13:33:10
708 TAMPINES STREET 71,"S$ 680,000",HDB 4-Room,Tampines,1996,S$ 632 psf,"1,076 sqft",Tampines Street 71,3 beds,2 baths,"Tampines, Pasir Ris",East,2025-04-19 13:33:10
134 PASIR RIS STREET 11,"S$ 918,000",HDB Exec Apartment,Pasir Ris,1993,S$ 561 psf,"1,636 sqft",Pasir Ris Street 11,4 beds,2 baths,"Tampines, Pasir Ris",East,2025-04-19 13:33:10
746 PASIR RIS STREET 71,"S$ 820,000",HDB 5-Room,Pasir Ris,1994,S$ 600 psf,"1,367 sqft",Pasir Ris Street 71,4 beds,2 baths,"Tampines, Pasir Ris",East,2025-04-19 13:33:10
452 PASIR RIS DRIVE 6,"S$ 723,700",HDB 4-Room,18,S$ 590 psf,"1,227 sqft",Pasir Ris Drive 6,,3 beds,2 baths,"Tampines, Pasir Ris",East,2025-04-19 13:33:10
452 PASIR RIS DRIVE 6,"S$ 719,700",HDB 4-Room,18,S$ 587 psf,"1,227 sqft",Pasir Ris Drive 6,,3 beds,2 baths,"Tampines, Pasir Ris",East,2025-04-19 13:33:10
127 RIVERVALE STREET,"S$ 680,000",HDB 5-Room,Sengkang,1998,S$ 527 psf,"1,291 sqft",Rivervale Street,3 beds,2 baths,"Serangoon Garden, Hougang, Ponggol",North East,2025-04-19 13:33:10
310B PUNGGOL WALK,"S$ 758,000",HDB 4-Room,Punggol,2015,S$ 766 psf,990 sqft,Punggol Walk,3 beds,2 baths,"Serangoon Garden, Hougang, Ponggol",North East,2025-04-19 13:33:10
411 SERANGOON CENTRAL,"S$ 820,000",HDB 4-Room,19,99 years,S$ 740 psf,"1,108 sqft",Serangoon Central,3 beds,2 baths,"Serangoon Garden, Hougang, Ponggol",North East,2025-04-19 13:33:10
411 SERANGOON CENTRAL,"S$ 820,000",HDB 4-Room,19,99 years,S$ 740 psf,"1,108 sqft",Serangoon Central,3 beds,2 baths,"Serangoon Garden, Hougang, Ponggol",North East,2025-04-19 13:33:10
232C SUMANG LANE,"S$ 528,888",HDB 3-Room,Punggol,2017,S$ 724 psf,731 sqft,Sumang Lane,2 beds,2 baths,"Serangoon Garden, Hougang, Ponggol",North East,2025-04-19 13:33:10
641 HOUGANG AVENUE 8,"S$ 718,888",HDB 5-Room,Hougang,1986,S$ 557 psf,"1,291 sqft",Hougang Avenue 8,3 beds,2 baths,"Serangoon Garden, Hougang, Ponggol",North East,2025-04-19 13:33:10
406C NORTHSHORE DRIVE,"S$ 968,888",HDB 5-Room,19,S$ 804 psf,"1,205 sqft",NORTHSHORE DRIVE,,3 beds,2 baths,"Serangoon Garden, Hougang, Ponggol",North East,2025-04-19 13:33:10
642 HOUGANG AVENUE 8,"S$ 430,000",HDB 3-Room,Hougang,1986,S$ 657 psf,654 sqft,Hougang Avenue 8,2 beds,2 baths,"Serangoon Garden, Hougang, Ponggol",North East,2025-04-19 13:33:10
333B ANCHORVALE LINK,"S$ 778,000",HDB 5-Room,Sengkang,2014,S$ 645 psf,"1,206 sqft",Anchorvale Link,3 beds,2 baths,"Serangoon Garden, Hougang, Ponggol",North East,2025-04-19 13:33:10
514 SERANGOON NORTH AVENUE 4,"S$ 788,000",HDB 5-Room,Serangoon,1991,S$ 600 psf,"1,313 sqft",Serangoon North Avenue 4,3 beds,2 baths,"Serangoon Garden, Hougang, Ponggol",North East,2025-04-19 13:33:10
145 RIVERVALE DRIVE,"S$ 800,000",HDB 5-Room,Sengkang,1998,S$ 641 psf,"1,248 sqft",Rivervale Drive,3 beds,2 baths,"Serangoon Garden, Hougang, Ponggol",North East,2025-04-19 13:33:10
470B UPPER SERANGOON CRESCENT,"S$ 599,000",HDB 3-Room,Serangoon,2014,S$ 831 psf,721 sqft,Upper Serangoon Crescent,2 beds,2 baths,"Serangoon Garden, Hougang, Ponggol",North East,2025-04-19 13:33:10
310B PUNGGOL WALK,"S$ 733,800",HDB 4PA (Premium Apartment),Punggol,2015,S$ 741 psf,990 sqft,Punggol Walk,3 beds,2 baths,"Serangoon Garden, Hougang, Ponggol",North East,2025-04-19 13:33:10
168B PUNGGOL EAST,"S$ 680,000",HDB 4PA (Premium Apartment),Punggol,2007,S$ 687 psf,990 sqft,Punggol East,3 beds,2 baths,"Serangoon Garden, Hougang, Ponggol",North East,2025-04-19 13:33:10
535 SERANGOON NORTH AVENUE 4,"S$ 1,080,000",HDB Exec Maisonette,Serangoon,1991,S$ 660 psf,"1,636 sqft",Serangoon North Avenue 4,4 beds,3 baths,"Serangoon Garden, Hougang, Ponggol",North East,2025-04-19 13:33:10
19 HOUGANG AVENUE 3,"S$ 428,000",HDB 3-Room,Hougang,1977,S$ 545 psf,785 sqft,Hougang Avenue 3,2 beds,2 baths,"Serangoon Garden, Hougang, Ponggol",North East,2025-04-19 13:33:10
401 HOUGANG AVENUE 10,"S$ 488,000",HDB 3-Room,Hougang,1984,S$ 667 psf,732 sqft,Hougang Avenue 10,2 beds,2 baths,"Serangoon Garden, Hougang, Ponggol",North East,2025-04-19 13:33:10
221 SERANGOON AVENUE 4,"S$ 508,000",HDB 3-Room,Serangoon,1984,S$ 705 psf,721 sqft,Serangoon Avenue 4,2 beds,2 baths,"Serangoon Garden, Hougang, Ponggol",North East,2025-04-19 13:33:10
614A EDGEFIELD PLAINS,"S$ 708,888",HDB 4-Room,Punggol,2011,S$ 716 psf,990 sqft,Edgefield Plains,3 beds,2 baths,"Serangoon Garden, Hougang, Ponggol",North East,2025-04-19 13:33:10
211C PUNGGOL WALK,"S$ 688,000",HDB 4-Room,Punggol,2013,S$ 695 psf,990 sqft,Punggol Walk,3 beds,2 baths,"Serangoon Garden, Hougang, Ponggol",North East,2025-04-19 13:33:10
405 SIN MING AVENUE,"S$ 1,030,000",HDB 5-Room,Bishan,1985,S$ 797 psf,"1,292 sqft",Sin Ming Avenue,3 beds,2 baths,"Bishan, Ang Mo Kio",Central,2025-04-19 13:33:10
504 ANG MO KIO AVENUE 8,"S$ 1,300,000",HDB Exec Apartment,Ang Mo Kio,1979,S$ 741 psf,"1,754 sqft",Ang Mo Kio Avenue 8,5 beds,4 baths,"Bishan, Ang Mo Kio",Central,2025-04-19 13:33:10
107 ANG MO KIO AVENUE 4,"S$ 488,000",HDB 3-Room,Ang Mo Kio,1977,S$ 613 psf,796 sqft,Ang Mo Kio Avenue 4,2 beds,1 bath,"Bishan, Ang Mo Kio",Central,2025-04-19 13:33:10
187 BISHAN STREET 13,"S$ 1,490,000",HDB Exec Maisonette,Bishan,1986,S$ 948 psf,"1,572 sqft",Bishan Street 13,4 beds,3 baths,"Bishan, Ang Mo Kio",Central,2025-04-19 13:33:10
601 ANG MO KIO AVENUE 5,"S$ 440,000",HDB 3-Room,Ang Mo Kio,1979,S$ 610 psf,721 sqft,Ang Mo Kio Avenue 5,2 beds,2 baths,"Bishan, Ang Mo Kio",Central,2025-04-19 13:33:10
226 BISHAN STREET 23,"S$ 878,000",HDB 4-Room,Bishan,1990,S$ 800 psf,"1,098 sqft",Bishan Street 23,3 beds,2 baths,"Bishan, Ang Mo Kio",Central,2025-04-19 13:33:10
307C ANG MO KIO AVENUE 1,"S$ 1,000,000",HDB 4-Room,Ang Mo Kio,2010,"S$ 1,056 psf",947 sqft,Ang Mo Kio Avenue 1,3 beds,2 baths,"Bishan, Ang Mo Kio",Central,2025-04-19 13:33:10
508 ANG MO KIO AVENUE 8,"S$ 350,000",HDB 2-Room,Ang Mo Kio,1979,S$ 738 psf,474 sqft,Ang Mo Kio Avenue 8,1 bed,1 bath,"Bishan, Ang Mo Kio",Central,2025-04-19 13:33:10
223 BISHAN STREET 23,"S$ 1,180,000",HDB 5-Room,20,S$ 906 psf,"1,302 sqft",BISHAN STREET 23,,3 beds,2 baths,"Bishan, Ang Mo Kio",Central,2025-04-19 13:33:10
214 ANG MO KIO AVENUE 3,"S$ 528,888",HDB 3-Room,Ang Mo Kio,1975,S$ 599 psf,883 sqft,Ang Mo Kio Avenue 3,2 beds,2 baths,"Bishan, Ang Mo Kio",Central,2025-04-19 13:33:10
552 ANG MO KIO AVENUE 10,"S$ 778,000",HDB 5-Room,Ang Mo Kio,1979,S$ 608 psf,"1,280 sqft",Ang Mo Kio Avenue 10,3 beds,2 baths,"Bishan, Ang Mo Kio",Central,2025-04-19 13:33:10
345 ANG MO KIO AVENUE 3,"S$ 580,000",HDB 3-Room,Ang Mo Kio,None,S$ 612 psf,947 sqft,Ang Mo Kio Avenue 3,3 beds,2 baths,"Bishan, Ang Mo Kio",Central,2025-04-19 13:33:10
286 BISHAN STREET 24,"S$ 880,000",HDB 4-Room,Bishan,1991,S$ 757 psf,"1,162 sqft",Bishan Street 24,3 beds,2 baths,"Bishan, Ang Mo Kio",Central,2025-04-19 13:33:10
151 ANG MO KIO AVENUE 5,"S$ 449,000",HDB 3-Room,Ang Mo Kio,1980,S$ 613 psf,732 sqft,Ang Mo Kio Avenue 5,2 beds,2 baths,"Bishan, Ang Mo Kio",Central,2025-04-19 13:33:10
621 ANG MO KIO AVENUE 9,"S$ 499,000",HDB 3-Room,Ang Mo Kio,1979,S$ 682 psf,732 sqft,Ang Mo Kio Avenue 9,2 beds,2 baths,"Bishan, Ang Mo Kio",Central,2025-04-19 13:33:10
541 ANG MO KIO AVENUE 10,"S$ 438,000",HDB 3-Room,Ang Mo Kio,1979,S$ 598 psf,732 sqft,Ang Mo Kio Avenue 10,2 beds,2 baths,"Bishan, Ang Mo Kio",Central,2025-04-19 13:33:10
268 BISHAN STREET 24,"S$ 788,000",HDB 4-Room,Bishan,1991,S$ 704 psf,"1,119 sqft",Bishan Street 24,3 beds,2 baths,"Bishan, Ang Mo Kio",Central,2025-04-19 13:33:10
165 BISHAN STREET 13,"S$ 998,000",HDB 5-Room,Bishan,1987,S$ 767 psf,"1,302 sqft",Bishan Street 13,3 beds,2 baths,"Bishan, Ang Mo Kio",Central,2025-04-19 13:33:10
308 SHUNFU ROAD,"S$ 585,000",HDB 3-Room,Bishan,1984,S$ 799 psf,732 sqft,Shunfu Road,2 beds,2 baths,"Bishan, Ang Mo Kio",Central,2025-04-19 13:33:10
128 BISHAN STREET 12,"S$ 1,020,000",HDB 5-Room,Bishan,1986,S$ 783 psf,"1,302 sqft",Bishan Street 12,3 beds,2 baths,"Bishan, Ang Mo Kio",Central,2025-04-19 13:33:10
11 TOH YI DRIVE,"S$ 1,080,000",HDB 5-Room,Bukit Timah,1988,S$ 823 psf,"1,313 sqft",Toh Yi Drive,3 beds,2 baths,"Upper Bukit Timah, Clementi Park, Ulu Pandan",West,2025-04-19 13:33:10
9 TOH YI DRIVE,"S$ 1,150,000",HDB 4-Room,Bukit Timah,1988,"S$ 1,028 psf","1,119 sqft",Toh Yi Drive,3 beds,2 baths,"Upper Bukit Timah, Clementi Park, Ulu Pandan",West,2025-04-19 13:33:10
17 TOH YI DRIVE,"S$ 1,300,000",HDB 5-Room,Bukit Timah,1988,S$ 990 psf,"1,313 sqft",Toh Yi Drive,4 beds,2 baths,"Upper Bukit Timah, Clementi Park, Ulu Pandan",West,2025-04-19 13:33:10
17 TOH YI DRIVE,"S$ 1,190,000",HDB 5-Room,Bukit Timah,1988,S$ 864 psf,"1,378 sqft",Toh Yi Drive,4 beds,2 baths,"Upper Bukit Timah, Clementi Park, Ulu Pandan",West,2025-04-19 13:33:10
4 TOH YI DRIVE,"S$ 1,299,000",HDB 5-Room,Bukit Timah,1988,S$ 989 psf,"1,313 sqft",Toh Yi Drive,4 beds,2 baths,"Upper Bukit Timah, Clementi Park, Ulu Pandan",West,2025-04-19 13:33:10
17 TOH YI DRIVE,"S$ 1,180,000",HDB 5-Room,Bukit Timah,1988,S$ 857 psf,"1,377 sqft",Toh Yi Drive,3 beds,2 baths,"Upper Bukit Timah, Clementi Park, Ulu Pandan",West,2025-04-19 13:33:10
14 TOH YI DRIVE,"S$ 1,190,000",HDB 5-Room,Bukit Timah,1987,S$ 906 psf,"1,313 sqft",Toh Yi Drive,4 beds,2 baths,"Upper Bukit Timah, Clementi Park, Ulu Pandan",West,2025-04-19 13:33:10
7 TOH YI DRIVE,"S$ 1,490,000",HDB Exec Maisonette,Bukit Timah,1989,S$ 948 psf,"1,571 sqft",Toh Yi Drive,4 beds,3 baths,"Upper Bukit Timah, Clementi Park, Ulu Pandan",West,2025-04-19 13:33:10
17 TOH YI DRIVE,"S$ 1,250,000",HDB 5-Room,Bukit Timah,1988,S$ 906 psf,"1,379 sqft",Toh Yi Drive,4 beds,2 baths,"Upper Bukit Timah, Clementi Park, Ulu Pandan",West,2025-04-19 13:33:10
7 TOH YI DRIVE,"S$ 1,280,000",HDB Exec Apartment,Bukit Timah,1989,S$ 838 psf,"1,528 sqft",Toh Yi Drive,5 beds,2 baths,"Upper Bukit Timah, Clementi Park, Ulu Pandan",West,2025-04-19 13:33:10
17 TOH YI DRIVE,"S$ 1,180,000",HDB 5-Room,Bukit Timah,1988,S$ 857 psf,"1,377 sqft",Toh Yi Drive,3 beds,2 baths,"Upper Bukit Timah, Clementi Park, Ulu Pandan",West,2025-04-19 13:33:10
17 TOH YI DRIVE,"S$ 1,250,000",HDB 5-Room,Bukit Timah,1988,S$ 908 psf,"1,377 sqft",Toh Yi Drive,4 beds,2 baths,"Upper Bukit Timah, Clementi Park, Ulu Pandan",West,2025-04-19 13:33:10
15 TOH YI DRIVE,"S$ 1,320,000",HDB Exec Maisonette,Bukit Timah,1987,S$ 840 psf,"1,571 sqft",Toh Yi Drive,4 beds,3 baths,"Upper Bukit Timah, Clementi Park, Ulu Pandan",West,2025-04-19 13:33:10
7 TOH YI DRIVE,"S$ 1,280,000",HDB Exec Apartment,Bukit Timah,1989,S$ 815 psf,"1,571 sqft",Toh Yi Drive,4 beds,2 baths,"Upper Bukit Timah, Clementi Park, Ulu Pandan",West,2025-04-19 13:33:10
17 TOH YI DRIVE,"S$ 1,250,000",HDB 5-Room,Bukit Timah,1988,S$ 907 psf,"1,378 sqft",Toh Yi Drive,4 beds,2 baths,"Upper Bukit Timah, Clementi Park, Ulu Pandan",West,2025-04-19 13:33:10
17 TOH YI DRIVE,"S$ 1,280,000",HDB 5-Room,Bukit Timah,1988,S$ 928 psf,"1,380 sqft",Toh Yi Drive,4 beds,2 baths,"Upper Bukit Timah, Clementi Park, Ulu Pandan",West,2025-04-19 13:33:10
17 TOH YI DRIVE,"S$ 1,250,000",HDB 5-Room,Bukit Timah,1988,S$ 908 psf,"1,376 sqft",Toh Yi Drive,4 beds,2 baths,"Upper Bukit Timah, Clementi Park, Ulu Pandan",West,2025-04-19 13:33:10
854 JURONG WEST STREET 81,"S$ 598,888",HDB 5-Room,Jurong West,1994,S$ 449 psf,"1,334 sqft",Jurong West Street 81,3 beds,2 baths,Jurong,West,2025-04-19 13:33:10
906 JURONG WEST STREET 91,"S$ 698,888",HDB Exec Apartment,Jurong West,1988,S$ 461 psf,"1,517 sqft",Jurong West Street 91,3 beds,2 baths,Jurong,West,2025-04-19 13:33:10
279 TOH GUAN ROAD,"S$ 680,888",HDB 4-Room,Jurong East,1997,S$ 630 psf,"1,080 sqft",Toh Guan Road,3 beds,2 baths,Jurong,West,2025-04-19 13:33:10
204 JURONG EAST STREET 21,"S$ 760,000",HDB 5-Room,Jurong East,1982,S$ 574 psf,"1,324 sqft",Jurong East Street 21,3 beds,2 baths,Jurong,West,2025-04-19 13:33:10
687 JURONG WEST CENTRAL 1,"S$ 660,000",HDB 4-Room,Jurong West,1997,S$ 620 psf,"1,065 sqft",Jurong West Central 1,3 beds,2 baths,Jurong,West,2025-04-19 13:33:10
65 TEBAN GARDENS ROAD,"S$ 608,888",HDB 4-Room,Jurong East,2001,S$ 623 psf,978 sqft,Teban Gardens Road,3 beds,2 baths,Jurong,West,2025-04-19 13:33:10
765 JURONG WEST STREET 74,"S$ 600,000",HDB 4-Room,Jurong West,1995,S$ 526 psf,"1,141 sqft",Jurong West Street 74,3 beds,2 baths,Jurong,West,2025-04-19 13:33:10
683C JURONG WEST STREET 64,"S$ 698,888",HDB 5-Room,Jurong West,1999,S$ 585 psf,"1,195 sqft",Jurong West Street 64,3 beds,2 baths,Jurong,West,2025-04-19 13:33:10
693 JURONG WEST CENTRAL 1,"S$ 650,000",HDB 4PA (Premium Apartment),Jurong West,1996,S$ 570 psf,"1,141 sqft",Jurong West Central 1,3 beds,2 baths,Jurong,West,2025-04-19 13:33:10
187 BOON LAY AVENUE,"S$ 368,000",HDB 3-Room,Jurong West,1975,S$ 503 psf,731 sqft,Boon Lay Avenue,2 beds,2 baths,Jurong,West,2025-04-19 13:33:10
946 JURONG WEST STREET 91,"S$ 530,000",HDB 4-Room,Jurong West,1988,S$ 478 psf,"1,108 sqft",Jurong West Street 91,3 beds,2 baths,Jurong,West,2025-04-19 13:33:10
163 YUNG PING ROAD,"S$ 938,000",HDB Exec Maisonette,Jurong West,1995,S$ 577 psf,"1,625 sqft",Yung Ping Road,4 beds,3 baths,Jurong,West,2025-04-19 13:33:10
183A BOON LAY AVENUE,"S$ 588,000",HDB 4-Room,Jurong West,2013,S$ 594 psf,990 sqft,Boon Lay Avenue,3 beds,2 baths,Jurong,West,2025-04-19 13:33:10
863 JURONG WEST STREET 81,"S$ 575,000",HDB 5-Room,Jurong West,1994,S$ 435 psf,"1,323 sqft",Jurong West Street 81,4 beds,2 baths,Jurong,West,2025-04-19 13:33:10
313 JURONG EAST STREET 32,"S$ 420,888",HDB 3-Room,Jurong East,1983,S$ 529 psf,795 sqft,Jurong East Street 32,2 beds,2 baths,Jurong,West,2025-04-19 13:33:10
658A JURONG WEST STREET 65,"S$ 740,000",HDB 5-Room,Jurong West,1999,S$ 614 psf,"1,205 sqft",Jurong West Street 65,3 beds,2 baths,Jurong,West,2025-04-19 13:33:10
103 JURONG EAST STREET 13,"S$ 740,000",HDB 5-Room,Jurong East,1982,S$ 573 psf,"1,292 sqft",Jurong East Street 13,3 beds,2 baths,Jurong,West,2025-04-19 13:33:10
346 KANG CHING ROAD,"S$ 700,000",HDB 5-Room,Jurong West,1995,S$ 538 psf,"1,302 sqft",Kang Ching Road,4 beds,2 baths,Jurong,West,2025-04-19 13:33:10
272D JURONG WEST STREET 24,"S$ 595,000",HDB 5PA (Premium Apartment),Jurong West,2002,"S$ 5,174 psf",115 sqft,Jurong West Street 24,3 beds,2 baths,Jurong,West,2025-04-19 13:33:10
669D JURONG WEST STREET 64,"S$ 745,000",HDB Exec Apartment,Jurong West,1998,S$ 533 psf,"1,399 sqft",Jurong West Street 64,4 beds,2 baths,Jurong,West,2025-04-19 13:33:10
611 BUKIT PANJANG RING ROAD,"S$ 768,888",HDB 5-Room,Bukit Panjang,2000,S$ 643 psf,"1,195 sqft",Bukit Panjang Ring Road,3 beds,2 baths,"Hillview, Dairy Farm, Bukit Panjang, Choa Chu Kang",North,2025-04-19 13:33:10
461 SEGAR ROAD,"S$ 650,000",HDB 4PA (Premium Apartment),Bukit Panjang,2014,S$ 649 psf,"1,001 sqft",Segar Road,2 beds,2 baths,"Hillview, Dairy Farm, Bukit Panjang, Choa Chu Kang",North,2025-04-19 13:33:10
630 SENJA ROAD,"S$ 758,000",HDB 5PA (Premium Apartment),Bukit Panjang,None,S$ 640 psf,"1,184 sqft",Senja Road,3 beds,2 baths,"Hillview, Dairy Farm, Bukit Panjang, Choa Chu Kang",North,2025-04-19 13:33:10
135 BUKIT BATOK WEST AVENUE 6,"S$ 428,888",HDB 3-Room,Bukit Batok,1983,S$ 586 psf,732 sqft,Bukit Batok West Avenue 6,2 beds,2 baths,"Hillview, Dairy Farm, Bukit Panjang, Choa Chu Kang",North,2025-04-19 13:33:10
389 BUKIT BATOK WEST AVENUE 5,"S$ 638,888",HDB 5-Room,Bukit Batok,2004,S$ 503 psf,"1,270 sqft",Bukit Batok West Avenue 5,4 beds,2 baths,"Hillview, Dairy Farm, Bukit Panjang, Choa Chu Kang",North,2025-04-19 13:33:10
135 BUKIT BATOK WEST AVENUE 6,"S$ 548,888",HDB 4-Room,Bukit Batok,1983,S$ 548 psf,"1,001 sqft",Bukit Batok West Avenue 6,3 beds,2 baths,"Hillview, Dairy Farm, Bukit Panjang, Choa Chu Kang",North,2025-04-19 13:33:10
290D BUKIT BATOK EAST AVENUE 3,"S$ 595,000",HDB 4-Room,Bukit Batok,1996,S$ 537 psf,"1,108 sqft",Bukit Batok East Avenue 3,3 beds,2 baths,"Hillview, Dairy Farm, Bukit Panjang, Choa Chu Kang",North,2025-04-19 13:33:10
664 CHOA CHU KANG CRESCENT,"S$ 699,999",HDB 5-Room,Choa Chu Kang,1998,S$ 524 psf,"1,335 sqft",Choa Chu Kang Crescent,4 beds,2 baths,"Hillview, Dairy Farm, Bukit Panjang, Choa Chu Kang",North,2025-04-19 13:33:10
219 PETIR ROAD,"S$ 499,000",HDB 3-Room,Bukit Panjang,1987,S$ 635 psf,786 sqft,Petir Road,2 beds,2 baths,"Hillview, Dairy Farm, Bukit Panjang, Choa Chu Kang",North,2025-04-19 13:33:10
416 BUKIT BATOK WEST AVENUE 4,"S$ 630,000",HDB 4-Room,Bukit Batok,1985,S$ 569 psf,"1,108 sqft",Bukit Batok West Avenue 4,3 beds,2 baths,"Hillview, Dairy Farm, Bukit Panjang, Choa Chu Kang",North,2025-04-19 13:33:10
670A CHOA CHU KANG CRESCENT,"S$ 618,000",HDB 4-Room,Choa Chu Kang,1997,S$ 552 psf,"1,119 sqft",Choa Chu Kang Crescent,3 beds,2 baths,"Hillview, Dairy Farm, Bukit Panjang, Choa Chu Kang",North,2025-04-19 13:33:10
296C BUKIT BATOK STREET 22,"S$ 1,000,000",HDB 5PA (Premium Apartment),Bukit Batok,2017,S$ 808 psf,"1,238 sqft",Bukit Batok Street 22,3 beds,2 baths,"Hillview, Dairy Farm, Bukit Panjang, Choa Chu Kang",North,2025-04-19 13:33:10
182 JELEBU ROAD,"S$ 850,000",HDB 4-Room,Bukit Panjang,2001,S$ 867 psf,980 sqft,Jelebu Road,3 beds,2 baths,"Hillview, Dairy Farm, Bukit Panjang, Choa Chu Kang",North,2025-04-19 13:33:10
548B SEGAR ROAD,"S$ 528,000",HDB 3-Room,Bukit Panjang,2014,S$ 732 psf,721 sqft,Segar Road,2 beds,2 baths,"Hillview, Dairy Farm, Bukit Panjang, Choa Chu Kang",North,2025-04-19 13:33:10
613 CHOA CHU KANG STREET 62,"S$ 700,000",HDB 5-Room,Choa Chu Kang,1994,S$ 496 psf,"1,410 sqft",Choa Chu Kang Street 62,4 beds,2 baths,"Hillview, Dairy Farm, Bukit Panjang, Choa Chu Kang",North,2025-04-19 13:33:10
519 JELAPANG ROAD,"S$ 820,000",HDB Exec Apartment,Bukit Panjang,1997,S$ 533 psf,"1,539 sqft",Jelapang Road,4 beds,2 baths,"Hillview, Dairy Farm, Bukit Panjang, Choa Chu Kang",North,2025-04-19 13:33:10
488 SEGAR ROAD,"S$ 398,888",HDB 2-Room,Bukit Panjang,2013,S$ 788 psf,506 sqft,Segar Road,1 bed,1 bath,"Hillview, Dairy Farm, Bukit Panjang, Choa Chu Kang",North,2025-04-19 13:33:10
501 JELAPANG ROAD,"S$ 599,000",HDB 4-Room,Bukit Panjang,1997,S$ 551 psf,"1,087 sqft",Jelapang Road,3 beds,2 baths,"Hillview, Dairy Farm, Bukit Panjang, Choa Chu Kang",North,2025-04-19 13:33:10
112 BUKIT BATOK WEST AVENUE 6,"S$ 599,000",HDB 4-Room,Bukit Batok,1984,S$ 525 psf,"1,141 sqft",Bukit Batok West Avenue 6,3 beds,2 baths,"Hillview, Dairy Farm, Bukit Panjang, Choa Chu Kang",North,2025-04-19 13:33:10
504 CHOA CHU KANG STREET 51,"S$ 578,000",HDB 4-Room,Choa Chu Kang,1993,S$ 497 psf,"1,162 sqft",Choa Chu Kang Street 51,3 beds,2 baths,"Hillview, Dairy Farm, Bukit Panjang, Choa Chu Kang",North,2025-04-19 13:33:10
428 WOODLANDS STREET 41,"S$ 500,000",HDB 4-Room,Woodlands,S$ 553 psf,904 sqft,Woodlands Street 41,,3 beds,2 baths,"Kranji, Woodgrove",North,2025-04-19 13:33:10
15 MARSILING LANE,"S$ 386,000",HDB 3-Room,Woodlands,1975,S$ 551 psf,700 sqft,Marsiling Lane,3 beds,2 baths,"Kranji, Woodgrove",North,2025-04-19 13:33:10
865 WOODLANDS STREET 83,"S$ 980,000",HDB Exec Maisonette,Woodlands,1995,S$ 619 psf,"1,582 sqft",Woodlands Street 83,4 beds,3 baths,"Kranji, Woodgrove",North,2025-04-19 13:33:10
821 WOODLANDS STREET 82,"S$ 1,299,000",HDB Exec Apartment,Woodlands,1985,S$ 682 psf,"1,905 sqft",Woodlands Street 82,4 beds,2 baths,"Kranji, Woodgrove",North,2025-04-19 13:33:10
606 WOODLANDS RING ROAD,"S$ 588,000",HDB 4-Room,Woodlands,1997,S$ 541 psf,"1,087 sqft",Woodlands Ring Road,3 beds,2 baths,"Kranji, Woodgrove",North,2025-04-19 13:33:10
785C WOODLANDS RISE,"S$ 630,000",HDB 4-Room,Woodlands,2017,S$ 629 psf,"1,001 sqft",Woodlands Rise,3 beds,2 baths,"Kranji, Woodgrove",North,2025-04-19 13:33:10
817 WOODLANDS STREET 82,"S$ 808,000",HDB Exec Maisonette,Woodlands,1986,S$ 514 psf,"1,571 sqft",Woodlands Street 82,4 beds,3 baths,"Kranji, Woodgrove",North,2025-04-19 13:33:10
344 WOODLANDS STREET 32,"S$ 680,000",HDB 5-Room,Woodlands,1985,S$ 518 psf,"1,313 sqft",Woodlands Street 32,3 beds,2 baths,"Kranji, Woodgrove",North,2025-04-19 13:33:10
601 WOODLANDS DRIVE 42,"S$ 530,000",HDB 4-Room,Woodlands,1995,S$ 541 psf,980 sqft,Woodlands Drive 42,3 beds,2 baths,"Kranji, Woodgrove",North,2025-04-19 13:33:10
171 WOODLANDS STREET 11,"S$ 500,000",HDB 4-Room,Woodlands,1984,S$ 510 psf,980 sqft,Woodlands Street 11,3 beds,2 baths,"Kranji, Woodgrove",North,2025-04-19 13:33:10
709 WOODLANDS DRIVE 70,"S$ 580,000",HDB 4-Room,Woodlands,1995,S$ 528 psf,"1,098 sqft",Woodlands Drive 70,3 beds,2 baths,"Kranji, Woodgrove",North,2025-04-19 13:33:10
721 WOODLANDS CIRCLE,"S$ 598,000",HDB 4-Room,Woodlands,1996,S$ 550 psf,"1,087 sqft",Woodlands Circle,3 beds,2 baths,"Kranji, Woodgrove",North,2025-04-19 13:33:10
673 WOODLANDS DRIVE 71,"S$ 788,000",HDB 5-Room,Woodlands,1998,S$ 666 psf,"1,184 sqft",Woodlands Drive 71,3 beds,2 baths,"Kranji, Woodgrove",North,2025-04-19 13:33:10
715 WOODLANDS DRIVE 70,"S$ 595,000",HDB 4-Room,Woodlands,1995,S$ 548 psf,"1,086 sqft",Woodlands Drive 70,3 beds,2 baths,"Kranji, Woodgrove",North,2025-04-19 13:33:10
530 WOODLANDS DRIVE 14,"S$ 735,000",HDB 5PA (Premium Apartment),Woodlands,1997,S$ 546 psf,"1,345 sqft",Woodlands Drive 14,3 beds,2 baths,"Kranji, Woodgrove",North,2025-04-19 13:33:10
542 WOODLANDS DRIVE 16,"S$ 698,000",HDB 5-Room,Woodlands,1998,S$ 564 psf,"1,238 sqft",Woodlands Drive 16,3 beds,2 baths,"Kranji, Woodgrove",North,2025-04-19 13:33:10
837 WOODLANDS STREET 82,"S$ 950,000",HDB Exec Maisonette,Woodlands,1986,S$ 585 psf,"1,625 sqft",Woodlands Street 82,4 beds,3 baths,"Kranji, Woodgrove",North,2025-04-19 13:33:10
750 WOODLANDS AVENUE 4,"S$ 535,000",HDB 4-Room,Woodlands,1996,S$ 487 psf,"1,098 sqft",Woodlands Avenue 4,3 beds,2 baths,"Kranji, Woodgrove",North,2025-04-19 13:33:10
886A WOODLANDS DRIVE 50,"S$ 510,000",HDB 3PA (Premium Apartment),Woodlands,2013,S$ 707 psf,721 sqft,Woodlands Drive 50,2 beds,2 baths,"Kranji, Woodgrove",North,2025-04-19 13:33:10
702 WOODLANDS DRIVE 40,"S$ 680,000",HDB 5-Room,Woodlands,1995,S$ 535 psf,"1,270 sqft",Woodlands Drive 40,3 beds,2 baths,"Kranji, Woodgrove",North,2025-04-19 13:33:10
408 SEMBAWANG DRIVE,"S$ 720,000",HDB Exec Apartment,Sembawang,1999,S$ 515 psf,"1,399 sqft",Sembawang Drive,4 beds,2 baths,"Yishun, Sembawang",North,2025-04-19 13:33:10
134 YISHUN STREET 11,"S$ 450,000",HDB 3-Room,Yishun,1984,S$ 614 psf,733 sqft,Yishun Street 11,2 beds,2 baths,"Yishun, Sembawang",North,2025-04-19 13:33:10
128C CANBERRA STREET,"S$ 799,999",HDB 5PA (Premium Apartment),Sembawang,2017,S$ 658 psf,"1,216 sqft",Canberra Street,3 beds,2 baths,"Yishun, Sembawang",North,2025-04-19 13:33:10
677B YISHUN RING ROAD,"S$ 800,000",HDB 5-Room,Yishun,2017,S$ 658 psf,"1,216 sqft",Yishun Ring Road,3 beds,2 baths,"Yishun, Sembawang",North,2025-04-19 13:33:10
339A SEMBAWANG CLOSE,"S$ 748,000",HDB Exec Apartment,Sembawang,1999,S$ 530 psf,"1,410 sqft",Sembawang Close,4 beds,2 baths,"Yishun, Sembawang",North,2025-04-19 13:33:10
405 ADMIRALTY LINK,"S$ 550,000",HDB 4-Room,Sembawang,1999,S$ 594 psf,926 sqft,Admiralty Link,3 beds,2 baths,"Yishun, Sembawang",North,2025-04-19 13:33:10
101A CANBERRA STREET,"S$ 640,000",HDB 4-Room,Sembawang,2019,S$ 639 psf,"1,001 sqft",Canberra Street,3 beds,2 baths,"Yishun, Sembawang",North,2025-04-19 13:33:10
303 CANBERRA ROAD,"S$ 950,000",HDB Exec Apartment,Sembawang,1997,S$ 630 psf,"1,507 sqft",Canberra Road,4 beds,2 baths,"Yishun, Sembawang",North,2025-04-19 13:33:10
507B WELLINGTON CIRCLE,"S$ 550,000",HDB 4-Room,Sembawang,2000,S$ 562 psf,979 sqft,Wellington Circle,3 beds,2 baths,"Yishun, Sembawang",North,2025-04-19 13:33:10
305 YISHUN CENTRAL,"S$ 550,000",HDB 4-Room,Yishun,1987,S$ 473 psf,"1,162 sqft",Yishun Central,3 beds,2 baths,"Yishun, Sembawang",North,2025-04-19 13:33:10
126C CANBERRA STREET,"S$ 800,000",HDB 5-Room,Sembawang,2019,S$ 641 psf,"1,248 sqft",Canberra Street,3 beds,2 baths,"Yishun, Sembawang",North,2025-04-19 13:33:10
128C CANBERRA STREET,"S$ 739,999",HDB 5-Room,Sembawang,2017,S$ 609 psf,"1,216 sqft",Canberra Street,3 beds,2 baths,"Yishun, Sembawang",North,2025-04-19 13:33:10
366A SEMBAWANG CRESCENT,"S$ 370,000",HDB 2-Room,Sembawang,2018,S$ 717 psf,516 sqft,Sembawang Crescent,1 bed,1 bath,"Yishun, Sembawang",North,2025-04-19 13:33:10
336C YISHUN RIVERWALK,"S$ 750,000",HDB 5-Room,27,2013,S$ 622 psf,"1,206 sqft",336C Yishun Street 31,3 beds,2 baths,"Yishun, Sembawang",North,2025-04-19 13:33:10
250 YISHUN AVENUE 9,"S$ 530,000",HDB 4-Room,Yishun,1984,S$ 474 psf,"1,119 sqft",Yishun Avenue 9,3 beds,2 baths,"Yishun, Sembawang",North,2025-04-19 13:33:10
508B YISHUN AVENUE 4,"S$ 790,000",HDB 5-Room,Yishun,2016,S$ 650 psf,"1,216 sqft",Yishun Avenue 4,4 beds,2 baths,"Yishun, Sembawang",North,2025-04-19 13:33:10
512C YISHUN STREET 51,"S$ 750,000",HDB 5-Room,27,99 years,S$ 617 psf,"1,216 sqft",Yishun Street 51,3 beds,2 baths,"Yishun, Sembawang",North,2025-04-19 13:33:10
323 SEMBAWANG CLOSE,"S$ 710,000",HDB 5-Room,Sembawang,1997,S$ 536 psf,"1,324 sqft",Sembawang Close,4 beds,2 baths,"Yishun, Sembawang",North,2025-04-19 13:33:10
403 ADMIRALTY LINK,"S$ 550,000",HDB 4-Room,Sembawang,1999,S$ 568 psf,969 sqft,Admiralty Link,3 beds,2 baths,"Yishun, Sembawang",North,2025-04-19 13:33:10
103A CANBERRA STREET,"S$ 508,000",HDB 3-Room,Sembawang,2019,S$ 738 psf,688 sqft,Canberra Street,2 beds,2 baths,"Yishun, Sembawang",North,2025-04-19 13:33:10
413B FERNVALE LINK,"S$ 638,000",HDB 4-Room,Sengkang,2002,S$ 624 psf,"1,022 sqft",Fernvale Link,3 beds,2 baths,Seletar,North East,2025-04-19 13:33:10
470A FERNVALE LINK,"S$ 680,000",HDB 4-Room,Sengkang,2015,S$ 679 psf,"1,001 sqft",Fernvale Link,3 beds,2 baths,Seletar,North East,2025-04-19 13:33:10
404B FERNVALE LANE,"S$ 718,000",HDB 5-Room,Sengkang,2003,S$ 585 psf,"1,227 sqft",Fernvale Lane,3 beds,2 baths,Seletar,North East,2025-04-19 13:33:10
452B SENGKANG WEST WAY,"S$ 588,000",HDB 4-Room,Sengkang,2013,S$ 594 psf,990 sqft,Sengkang West Way,3 beds,2 baths,Seletar,North East,2025-04-19 13:33:10
413B FERNVALE LINK,"S$ 630,000",HDB 4-Room,Sengkang,2002,S$ 616 psf,"1,023 sqft",Fernvale Link,3 beds,2 baths,Seletar,North East,2025-04-19 13:33:10
471A FERNVALE STREET,"S$ 660,000",HDB 4-Room,Sengkang,2015,S$ 659 psf,"1,001 sqft",Fernvale Street,3 beds,2 baths,Seletar,North East,2025-04-19 13:33:10
441D FERNVALE ROAD,"S$ 730,000",HDB 4-Room,Sengkang,2010,S$ 729 psf,"1,001 sqft",Fernvale Road,3 beds,2 baths,Seletar,North East,2025-04-19 13:33:10
403D FERNVALE LANE,"S$ 710,000",HDB 5PA (Premium Apartment),Sengkang,2003,S$ 579 psf,"1,227 sqft",Fernvale Lane,3 beds,2 baths,Seletar,North East,2025-04-19 13:33:10
453D FERNVALE ROAD,"S$ 608,000",HDB 4-Room,Sengkang,2014,S$ 614 psf,990 sqft,Fernvale Road,3 beds,2 baths,Seletar,North East,2025-04-19 13:33:10
411A FERNVALE ROAD,"S$ 720,000",HDB 4-Room,Sengkang,2011,S$ 697 psf,"1,033 sqft",Fernvale Road,3 beds,2 baths,Seletar,North East,2025-04-19 13:33:10
443B FERNVALE ROAD,"S$ 678,000",HDB 4-Room,Sengkang,2010,S$ 663 psf,"1,022 sqft",Fernvale Road,3 beds,2 baths,Seletar,North East,2025-04-19 13:33:10
457B SENGKANG WEST ROAD,"S$ 588,000",HDB 3-Room,Sengkang,2019,S$ 803 psf,732 sqft,Sengkang West Road,2 beds,2 baths,Seletar,North East,2025-04-19 13:33:10
439B SENGKANG WEST AVENUE,"S$ 699,999",HDB 4-Room,Sengkang,2009,S$ 692 psf,"1,012 sqft",Sengkang West Avenue,3 beds,2 baths,Seletar,North East,2025-04-19 13:33:10
439C SENGKANG WEST AVENUE,"S$ 658,000",HDB 4-Room,Sengkang,2009,S$ 650 psf,"1,012 sqft",Sengkang West Avenue,3 beds,2 baths,Seletar,North East,2025-04-19 13:33:10
404B FERNVALE LANE,"S$ 610,000",HDB 5-Room,Sengkang,2003,S$ 497 psf,"1,227 sqft",Fernvale Lane,3 beds,2 baths,Seletar,North East,2025-04-19 13:33:10
470B FERNVALE LINK,"S$ 558,000",HDB 3-Room,Sengkang,2015,S$ 762 psf,732 sqft,Fernvale Link,2 beds,2 baths,Seletar,North East,2025-04-19 13:33:10
470B FERNVALE LINK,"S$ 688,000",HDB 4-Room,Sengkang,2015,S$ 687 psf,"1,001 sqft",Fernvale Link,3 beds,2 baths,Seletar,North East,2025-04-19 13:33:10
451A SENGKANG WEST WAY,"S$ 730,000",HDB 5-Room,Sengkang,2013,S$ 611 psf,"1,195 sqft",Sengkang West Way,4 beds,2 baths,Seletar,North East,2025-04-19 13:33:10
451A SENGKANG WEST WAY,"S$ 768,000",HDB 5-Room,Sengkang,2013,S$ 643 psf,"1,195 sqft",Sengkang West Way,3 beds,2 baths,Seletar,North East,2025-04-19 13:33:10
471A FERNVALE STREET,"S$ 660,000",HDB 4-Room,Sengkang,2015,S$ 659 psf,"1,001 sqft",Fernvale Street,3 beds,2 baths,Seletar,North East,2025-04-19 13:33:10
